{"created_at":"2016-07-12T11:41:51.069Z","updated_at":"2016-07-25T09:23:51.293Z","title":"About","uid":"about","inbuilt_class":false,"schema":[{"display_name":"Title","uid":"title","data_type":"text","field_metadata":{"_default":true},"unique":true,"mandatory":true,"multiple":false},{"display_name":"URL","uid":"url","data_type":"text","field_metadata":{"_default":true},"unique":false,"mandatory":true,"multiple":false},{"data_type":"group","display_name":"SEO","uid":"seo","mandatory":false,"multiple":false,"unique":false,"schema":[{"data_type":"text","display_name":"Title","uid":"title","field_metadata":{"default_value":"","description":""},"unique":false,"mandatory":false,"multiple":false},{"data_type":"text","display_name":"Description","uid":"description","field_metadata":{"multiline":true,"default_value":"","description":""},"unique":false,"mandatory":false,"multiple":false},{"data_type":"text","display_name":"Keywords","uid":"keywords","field_metadata":{"default_value":"","description":""},"unique":false,"mandatory":false,"multiple":false}]},{"data_type":"group","display_name":"Content","uid":"content","mandatory":false,"multiple":false,"unique":false,"schema":[{"data_type":"text","display_name":"Title","uid":"title","field_metadata":{"default_value":"","description":""},"unique":false,"mandatory":false,"multiple":false},{"data_type":"text","display_name":"Content","uid":"content","field_metadata":{"rich_text_type":"advanced","multiline":false,"description":"","allow_rich_text":true},"unique":false,"mandatory":false,"multiple":false},{"data_type":"file","display_name":"Image","uid":"image","field_metadata":{"rich_text_type":"standard","description":""},"mandatory":false,"multiple":true,"unique":false}]},{"data_type":"group","display_name":"Features","uid":"features","mandatory":false,"multiple":true,"unique":false,"schema":[{"data_type":"text","display_name":"Title","uid":"title","field_metadata":{"isTitle":true,"default_value":"","description":""},"unique":false,"mandatory":false,"multiple":false},{"data_type":"text","display_name":"Description","uid":"description","field_metadata":{"multiline":true,"default_value":"","description":""},"unique":false,"mandatory":false,"multiple":false}]},{"data_type":"group","display_name":"Company Stat","uid":"company_stat","mandatory":false,"multiple":false,"unique":false,"schema":[{"data_type":"text","display_name":"Title","uid":"title","field_metadata":{"default_value":"","description":""},"unique":false,"mandatory":false,"multiple":false},{"data_type":"text","display_name":"Content","uid":"content","field_metadata":{"multiline":true,"default_value":"","description":""},"unique":false,"mandatory":false,"multiple":false}]},{"data_type":"group","display_name":"Team","uid":"team","mandatory":false,"multiple":false,"unique":false,"schema":[{"data_type":"text","display_name":"Title","uid":"title","field_metadata":{"default_value":"","description":""},"unique":false,"mandatory":false,"multiple":false},{"data_type":"group","display_name":"Team Member","uid":"team_member","mandatory":false,"multiple":true,"unique":false,"schema":[{"data_type":"file","display_name":"Image","uid":"image","field_metadata":{"rich_text_type":"standard","description":""},"mandatory":false,"multiple":false,"unique":false},{"data_type":"text","display_name":"Name","uid":"name","field_metadata":{"isTitle":true,"default_value":"","description":""},"unique":false,"mandatory":false,"multiple":false},{"data_type":"text","display_name":"Designation","uid":"designation","field_metadata":{"default_value":"","description":""},"unique":false,"mandatory":false,"multiple":false},{"data_type":"text","display_name":"Description","uid":"description","field_metadata":{"rich_text_type":"basic","multiline":false,"description":"","allow_rich_text":true},"unique":false,"mandatory":false,"multiple":false},{"data_type":"text","display_name":"Social Site","uid":"social_site","field_metadata":{"multiline":true,"default_value":"","description":""},"unique":false,"mandatory":false,"multiple":false}]}]},{"data_type":"group","display_name":"Partner","uid":"partner","mandatory":false,"multiple":true,"unique":false,"schema":[{"data_type":"file","display_name":"Image","uid":"image","field_metadata":{"isTitle":true,"rich_text_type":"standard","description":""},"mandatory":false,"multiple":false,"unique":false}]}],"last_activity":{"environments":[{"uid":"blt466c21ff388be42f","details":[{"locale":"en-us","time":"2017-05-24T09:00:52.527Z"}]},{"uid":"blte77bdb457568bca0","details":[{"locale":"en-us","time":"2017-05-26T06:22:37.337Z"}]},{"uid":"bltaeed91e49c8f711a","details":[{"locale":"en-us","time":"2017-03-25T14:32:46.446Z"}]}]},"maintain_revisions":true,"description":"","options":{"_version":1,"sub_title":[],"title":"title","is_page":true,"description":"","url_pattern":"/:title","url_prefix":"/","singleton":false},"abilities":{"delete_all_objects":true,"delete_object":true,"update_object":true,"create_object":true,"get_all_objects":true,"get_one_object":true},"DEFAULT_ACL":{"others":{"read":false,"create":false}}}