{"created_at":"2016-07-12T12:09:09.114Z","updated_at":"2016-11-03T11:51:28.598Z","title":"Footer","uid":"footer","inbuilt_class":false,"schema":[{"display_name":"Title","uid":"title","data_type":"text","field_metadata":{"_default":true},"unique":true,"mandatory":true,"multiple":false},{"data_type":"group","display_name":"Address Block","uid":"address_block","mandatory":false,"multiple":true,"unique":false,"schema":[{"data_type":"text","display_name":"Font Awesome Class","uid":"font_awesome_class","field_metadata":{"default_value":"","description":""},"unique":false,"mandatory":false,"multiple":false},{"data_type":"text","display_name":"Address","uid":"address","field_metadata":{"isTitle":true,"multiline":true,"default_value":"","description":""},"unique":false,"mandatory":false,"multiple":false}]},{"data_type":"group","display_name":"Social Icon","uid":"social_icon","mandatory":false,"multiple":true,"unique":false,"schema":[{"data_type":"text","display_name":"Font Awesome Class","uid":"font_awesome_class","field_metadata":{"isTitle":true,"default_value":"","description":""},"unique":false,"mandatory":false,"multiple":false},{"data_type":"text","display_name":"Url","uid":"url","field_metadata":{"default_value":"","description":""},"unique":false,"mandatory":false,"multiple":false}]},{"data_type":"text","display_name":"Copyright","uid":"copyright","field_metadata":{"default_value":"","description":""},"unique":false,"mandatory":false,"multiple":false}],"last_activity":{"environments":[{"uid":"blte77bdb457568bca0","details":[{"locale":"en-us","time":"2017-05-26T06:23:42.188Z"}]},{"uid":"blt466c21ff388be42f","details":[{"locale":"en-us","time":"2017-05-24T08:46:39.380Z"}]}]},"maintain_revisions":true,"description":"Footer details","options":{"_version":15,"sub_title":[],"title":"title","is_page":false,"description":"Footer details","singleton":false},"abilities":{"delete_all_objects":true,"delete_object":true,"update_object":true,"create_object":true,"get_all_objects":true,"get_one_object":true},"DEFAULT_ACL":{"others":{"read":false,"create":false}}}