{"created_at":"2016-07-12T05:36:21.006Z","updated_at":"2016-07-19T12:55:43.157Z","title":"Header","uid":"header","inbuilt_class":false,"schema":[{"display_name":"Title","uid":"title","data_type":"text","field_metadata":{"_default":true},"unique":true,"mandatory":true,"multiple":false},{"data_type":"file","display_name":"Logo","uid":"logo","field_metadata":{"rich_text_type":"standard","description":""},"mandatory":false,"multiple":false,"unique":false},{"data_type":"text","display_name":"link","uid":"link","field_metadata":{"default_value":"","description":""},"unique":false,"mandatory":false,"multiple":false},{"data_type":"group","display_name":"Main Menu","uid":"main_menu","mandatory":false,"multiple":true,"unique":false,"schema":[{"data_type":"text","display_name":"Title","uid":"title","field_metadata":{"isTitle":true,"default_value":"","description":""},"unique":false,"mandatory":false,"multiple":false},{"data_type":"text","display_name":"Url","uid":"url","field_metadata":{"default_value":"","description":""},"unique":false,"mandatory":false,"multiple":false},{"data_type":"group","display_name":"Sub Menu","uid":"sub_menu","mandatory":false,"multiple":true,"unique":false,"schema":[{"data_type":"text","display_name":"Title","uid":"title","field_metadata":{"isTitle":true,"default_value":"","description":""},"unique":false,"mandatory":false,"multiple":false},{"data_type":"text","display_name":"Url","uid":"url","field_metadata":{"default_value":"","description":""},"unique":false,"mandatory":false,"multiple":false}]}]}],"last_activity":{"environments":[{"uid":"blte77bdb457568bca0","details":[{"locale":"en-us","time":"2017-05-26T06:23:48.456Z"}]},{"uid":"blt466c21ff388be42f","details":[{"locale":"en-us","time":"2017-05-24T08:46:26.698Z"}]}]},"maintain_revisions":true,"description":"Company logo and header menu","options":{"_version":11,"sub_title":[],"title":"title","is_page":false,"description":"Company logo and header menu","singleton":false},"abilities":{"delete_all_objects":true,"delete_object":true,"update_object":true,"create_object":true,"get_all_objects":true,"get_one_object":true},"DEFAULT_ACL":{"others":{"read":false,"create":false}}}