{"created_at":"2016-07-12T06:59:14.347Z","updated_at":"2016-11-03T10:53:21.546Z","title":"Home","uid":"home","inbuilt_class":false,"schema":[{"display_name":"Title","uid":"title","data_type":"text","field_metadata":{"_default":true},"unique":true,"mandatory":true,"multiple":false},{"display_name":"URL","uid":"url","data_type":"text","field_metadata":{"_default":true},"unique":false,"mandatory":false,"multiple":false},{"data_type":"group","display_name":"SEO","uid":"seo","mandatory":false,"multiple":false,"unique":false,"schema":[{"data_type":"text","display_name":"Title","uid":"title","field_metadata":{"default_value":"","description":""},"unique":false,"mandatory":false,"multiple":false},{"data_type":"text","display_name":"Description","uid":"description","field_metadata":{"multiline":true,"default_value":"","description":""},"unique":false,"mandatory":false,"multiple":false},{"data_type":"text","display_name":"Keywords","uid":"keywords","field_metadata":{"default_value":"","description":""},"unique":false,"mandatory":false,"multiple":false}]},{"data_type":"group","display_name":"Banner","uid":"banner","mandatory":false,"multiple":false,"unique":false,"schema":[{"data_type":"file","display_name":"Background Image","uid":"background_image","field_metadata":{"rich_text_type":"standard","description":""},"mandatory":false,"multiple":false,"unique":false},{"data_type":"group","display_name":"Content","uid":"content","mandatory":false,"multiple":true,"unique":false,"schema":[{"data_type":"text","display_name":"Title","uid":"title","field_metadata":{"isTitle":true,"default_value":"","description":""},"unique":false,"mandatory":false,"multiple":false},{"data_type":"group","display_name":"CTA","uid":"cta","mandatory":false,"multiple":false,"unique":false,"schema":[{"data_type":"text","display_name":"Title","uid":"title","field_metadata":{"default_value":"","description":""},"unique":false,"mandatory":false,"multiple":false},{"data_type":"text","display_name":"Link","uid":"link","field_metadata":{"default_value":"","description":""},"unique":false,"mandatory":false,"multiple":false},{"data_type":"boolean","display_name":"Open in new tab ?","uid":"open_in_new_tab_","field_metadata":{"default_value":true,"description":""},"unique":false,"multiple":false,"mandatory":false}]}]}]},{"data_type":"group","display_name":"Features","uid":"features","mandatory":false,"multiple":true,"unique":false,"schema":[{"data_type":"text","display_name":"Title","uid":"title","field_metadata":{"isTitle":true,"default_value":"","description":""},"unique":false,"mandatory":false,"multiple":false},{"data_type":"text","display_name":"Font Awesome Class","uid":"font_awesome_class","field_metadata":{"default_value":"","description":""},"unique":false,"mandatory":false,"multiple":false},{"data_type":"text","display_name":"Description","uid":"description","field_metadata":{"rich_text_type":"advanced","multiline":false,"description":"","allow_rich_text":true},"unique":false,"mandatory":false,"multiple":false}]},{"data_type":"group","display_name":"Services","uid":"services","mandatory":false,"multiple":false,"unique":false,"schema":[{"data_type":"text","display_name":"Title","uid":"title","field_metadata":{"default_value":"","description":""},"unique":false,"mandatory":false,"multiple":false},{"data_type":"text","display_name":"Content","uid":"content","field_metadata":{"rich_text_type":"advanced","multiline":false,"description":"","allow_rich_text":true},"unique":false,"mandatory":false,"multiple":false},{"data_type":"file","display_name":"Image","uid":"image","field_metadata":{"rich_text_type":"standard","description":""},"mandatory":false,"multiple":false,"unique":false},{"data_type":"group","display_name":"Service Details","uid":"service_details","mandatory":false,"multiple":true,"unique":false,"schema":[{"data_type":"text","display_name":"Title","uid":"title","field_metadata":{"isTitle":true,"default_value":"","description":""},"unique":false,"mandatory":false,"multiple":false},{"data_type":"text","display_name":"Font Awesome Class","uid":"font_awesome_class","field_metadata":{"default_value":"","description":""},"unique":false,"mandatory":false,"multiple":false},{"data_type":"text","display_name":"Description","uid":"description","field_metadata":{"multiline":true,"default_value":"","description":""},"unique":false,"mandatory":false,"multiple":false}]}]},{"data_type":"group","display_name":"Work","uid":"work","mandatory":false,"multiple":false,"unique":false,"schema":[{"data_type":"text","display_name":"Title","uid":"title","field_metadata":{"default_value":"","description":""},"unique":false,"mandatory":false,"multiple":false},{"data_type":"text","display_name":"Description","uid":"description","field_metadata":{"rich_text_type":"advanced","multiline":false,"description":"","allow_rich_text":true},"unique":false,"mandatory":false,"multiple":false},{"data_type":"link","display_name":"CTA","uid":"cta","field_metadata":{"default_value":"","description":""},"unique":false,"mandatory":false,"multiple":false},{"data_type":"group","display_name":"Work Details","uid":"work_details","mandatory":false,"multiple":true,"unique":false,"schema":[{"data_type":"text","display_name":"Title","uid":"title","field_metadata":{"isTitle":true,"default_value":"","description":""},"unique":false,"mandatory":false,"multiple":false},{"data_type":"file","display_name":"Image","uid":"image","field_metadata":{"rich_text_type":"standard","description":""},"mandatory":false,"multiple":false,"unique":false},{"data_type":"isodate","display_name":"Date","uid":"date","field_metadata":{"hide_time":true,"default_value":{"time":"","date":"","custom":false},"description":""},"unique":false,"mandatory":false,"multiple":false},{"data_type":"group","display_name":"CTA","uid":"cta","mandatory":false,"multiple":false,"unique":false,"schema":[{"data_type":"text","display_name":"Title","uid":"title","field_metadata":{"default_value":"","description":""},"unique":false,"mandatory":false,"multiple":false},{"data_type":"text","display_name":"Link","uid":"link","field_metadata":{"default_value":"","description":""},"unique":false,"mandatory":false,"multiple":false},{"data_type":"boolean","display_name":"Open in new tab ?","uid":"open_in_new_tab_","field_metadata":{"default_value":"","description":""},"unique":false,"multiple":false,"mandatory":false}]}]}]},{"data_type":"group","display_name":"Testimonials","uid":"testimonials","mandatory":false,"multiple":false,"unique":false,"schema":[{"data_type":"text","display_name":"Title","uid":"title","field_metadata":{"default_value":"","description":""},"unique":false,"mandatory":false,"multiple":false},{"data_type":"file","display_name":"Background Image","uid":"background_image","field_metadata":{"rich_text_type":"standard","description":""},"mandatory":false,"multiple":false,"unique":false},{"data_type":"group","display_name":"Testimony","uid":"testimony","mandatory":false,"multiple":true,"unique":false,"schema":[{"data_type":"text","display_name":"Author","uid":"author","field_metadata":{"isTitle":true,"default_value":"","description":""},"unique":false,"mandatory":false,"multiple":false},{"data_type":"text","display_name":"Description","uid":"description","field_metadata":{"rich_text_type":"advanced","multiline":false,"description":"","allow_rich_text":true},"unique":false,"mandatory":false,"multiple":false}]}]},{"data_type":"group","display_name":"Purchase","uid":"purchase","mandatory":false,"multiple":false,"unique":false,"schema":[{"data_type":"text","display_name":"Title","uid":"title","field_metadata":{"default_value":"","description":""},"unique":false,"mandatory":false,"multiple":false},{"data_type":"group","display_name":"CTA","uid":"cta","mandatory":false,"multiple":false,"unique":false,"schema":[{"data_type":"text","display_name":"Title","uid":"title","field_metadata":{"default_value":"","description":""},"unique":false,"mandatory":false,"multiple":false},{"data_type":"text","display_name":"Link","uid":"link","field_metadata":{"default_value":"","description":""},"unique":false,"mandatory":false,"multiple":false},{"data_type":"boolean","display_name":"Open in new tab ?","uid":"open_in_new_tab_","field_metadata":{"default_value":"","description":""},"unique":false,"multiple":false,"mandatory":false}]}]},{"data_type":"group","display_name":"Support","uid":"support","mandatory":false,"multiple":false,"unique":false,"schema":[{"data_type":"group","display_name":"Features","uid":"features","mandatory":false,"multiple":false,"unique":false,"schema":[{"data_type":"text","display_name":"Title","uid":"title","field_metadata":{"isTitle":true,"default_value":"","description":""},"unique":false,"mandatory":false,"multiple":false},{"data_type":"text","display_name":"Description","uid":"description","field_metadata":{"rich_text_type":"advanced","multiline":false,"description":"","allow_rich_text":true},"unique":false,"mandatory":false,"multiple":false}]},{"data_type":"group","display_name":"Collapsible Group","uid":"collapsible_group","mandatory":false,"multiple":true,"unique":false,"schema":[{"data_type":"text","display_name":"Title","uid":"title","field_metadata":{"isTitle":true,"default_value":"","description":""},"unique":false,"mandatory":false,"multiple":false},{"data_type":"text","display_name":"Content","uid":"content","field_metadata":{"rich_text_type":"advanced","multiline":false,"description":"","allow_rich_text":true},"unique":false,"mandatory":false,"multiple":false}]}]},{"data_type":"group","display_name":"Year Stats","uid":"year_stats","mandatory":false,"multiple":false,"unique":false,"schema":[{"data_type":"text","display_name":"Title","uid":"title","field_metadata":{"default_value":"","description":""},"unique":false,"mandatory":false,"multiple":false},{"data_type":"text","display_name":"Description","uid":"description","field_metadata":{"rich_text_type":"advanced","multiline":false,"description":"","allow_rich_text":true},"unique":false,"mandatory":false,"multiple":false},{"data_type":"file","display_name":"Image","uid":"image","field_metadata":{"rich_text_type":"standard","description":""},"mandatory":false,"multiple":false,"unique":false}]}],"last_activity":{"environments":[{"uid":"blte77bdb457568bca0","details":[{"locale":"en-us","time":"2017-05-26T06:23:53.975Z"}]},{"uid":"bltaeed91e49c8f711a","details":[{"locale":"en-us","time":"2017-03-25T10:06:38.727Z"}]},{"uid":"blt466c21ff388be42f","details":[{"locale":"en-us","time":"2017-05-24T08:46:14.050Z"}]}]},"maintain_revisions":true,"description":"","options":{"_version":1,"sub_title":[],"title":"title","is_page":true,"description":"","url_pattern":"/:title","url_prefix":"/","singleton":false},"abilities":{"delete_all_objects":true,"delete_object":true,"update_object":true,"create_object":true,"get_all_objects":true,"get_one_object":true},"DEFAULT_ACL":{"others":{"read":false,"create":false}}}