{"title":"Blog List","url":"/blog-list","hero_banner":[{"banner_title_only":{"title":"Blog posts","image":{"uid":"blt14b6944c86e1ffd6","created_at":"2020-07-07T11:37:45.807Z","updated_at":"2020-07-07T11:37:45.807Z","created_by":"bltf01cfddcefa2394d","updated_by":"bltf01cfddcefa2394d","content_type":"image/jpeg","file_size":"6364894","tags":[],"filename":"Blog_banner.jpg","url":"https://images.contentstack.io/v3/assets/bltf0aeb46e292dbc44/blt14b6944c86e1ffd6/5f045e89bb61012b022c1ee2/Blog_banner.jpg","ACL":[],"is_dir":false,"parent_uid":null,"_version":1,"title":"Blog_banner.jpg"}}}],"modular_blocks":[{"blog_list":{"blog_image":{"uid":"blt169da61357d8f6fc","created_at":"2020-07-07T11:38:14.751Z","updated_at":"2020-07-07T11:38:14.751Z","created_by":"bltf01cfddcefa2394d","updated_by":"bltf01cfddcefa2394d","content_type":"image/jpeg","file_size":"651231","tags":[],"filename":"travel_blog.jpg","url":"https://images.contentstack.io/v3/assets/bltf0aeb46e292dbc44/blt169da61357d8f6fc/5f045ea69ccd4234d71438e7/travel_blog.jpg","ACL":[],"is_dir":false,"parent_uid":null,"_version":1,"title":"travel_blog.jpg"},"blog_details":"<h4>Travel Blog</h4>\n<p><strong>Author</strong>: David</p>\n<p><strong>Summery</strong>: Lorem ipsum dolor sit amet, consectetur adipiscing elit, sed do eiusmod tempor incididunt ut labore et dolore magna aliqua. Neque sodales ut etiam sit. Vestibulum sed arcu non odio euismod lacinia at</p>","cta":{"title":"Visit Blog","href":"/travel-blog"}}},{"blog_list":{"blog_image":{"uid":"bltc64684f17d99ee29","created_at":"2020-07-07T11:38:14.958Z","updated_at":"2020-07-07T11:38:14.958Z","created_by":"bltf01cfddcefa2394d","updated_by":"bltf01cfddcefa2394d","content_type":"image/jpeg","file_size":"705859","tags":[],"filename":"food_blog.jpg","url":"https://images.contentstack.io/v3/assets/bltf0aeb46e292dbc44/bltc64684f17d99ee29/5f045ea6eb513b42e318749e/food_blog.jpg","ACL":[],"is_dir":false,"parent_uid":null,"_version":1,"title":"food_blog.jpg"},"blog_details":"<h4>Food Blog</h4>\n<p><strong>Author</strong>: William</p>\n<p><strong>Summery</strong>: Lorem ipsum dolor sit amet, consectetur adipiscing elit, sed do eiusmod tempor incididunt ut labore et dolore magna aliqua. Neque sodales ut etiam sit. Vestibulum sed arcu non odio euismod lacinia at</p>","cta":{"title":"Visit Blog","href":"/food-blog"}}},{"blog_list":{"blog_image":{"uid":"blte51d8751aeee422c","created_at":"2020-07-07T11:38:13.099Z","updated_at":"2020-07-07T11:38:13.099Z","created_by":"bltf01cfddcefa2394d","updated_by":"bltf01cfddcefa2394d","content_type":"image/jpeg","file_size":"1004969","tags":[],"filename":"technology.jpg","url":"https://images.contentstack.io/v3/assets/bltf0aeb46e292dbc44/blte51d8751aeee422c/5f045ea5bf38a42e299af00e/technology.jpg","ACL":[],"is_dir":false,"parent_uid":null,"_version":1,"title":"technology.jpg"},"blog_details":"<h4>Science and Technology Blog</h4>\n<p><strong>Author</strong>: Lucas</p>\n<p><strong>Summery</strong>: Lorem ipsum dolor sit amet, consectetur adipiscing elit, sed do eiusmod tempor incididunt ut labore et dolore magna aliqua. Neque sodales ut etiam sit. Vestibulum sed arcu non odio euismod lacinia at</p>","cta":{"title":"Visit Blog","href":"/science-and-technology-blog"}}},{"blog_list":{"blog_image":{"uid":"bltf95f879414888cc2","created_at":"2020-07-07T11:37:05.270Z","updated_at":"2020-07-07T11:37:05.270Z","created_by":"bltf01cfddcefa2394d","updated_by":"bltf01cfddcefa2394d","content_type":"image/jpeg","file_size":"1792118","tags":[],"filename":"sports.jpg","url":"https://images.contentstack.io/v3/assets/bltf0aeb46e292dbc44/bltf95f879414888cc2/5f045e619ccd4234d71438dd/sports.jpg","ACL":[],"is_dir":false,"parent_uid":null,"_version":1,"title":"sports.jpg"},"blog_details":"<h4>Sports Blog</h4>\n<p><strong>Author</strong>: Logan</p>\n<p><strong>Summery</strong>: Lorem ipsum dolor sit amet, consectetur adipiscing elit, sed do eiusmod tempor incididunt ut labore et dolore magna aliqua. Neque sodales ut etiam sit. Vestibulum sed arcu non odio euismod lacinia a</p>","cta":{"title":"Visit Blog","href":"/sports-blog"}}},{"blog_list":{"blog_image":{"uid":"bltda9c21c679f344ff","created_at":"2020-07-07T11:37:38.596Z","updated_at":"2020-07-07T11:37:38.596Z","created_by":"bltf01cfddcefa2394d","updated_by":"bltf01cfddcefa2394d","content_type":"image/jpeg","file_size":"4821965","tags":[],"filename":"gaming.jpg","url":"https://images.contentstack.io/v3/assets/bltf0aeb46e292dbc44/bltda9c21c679f344ff/5f045e82eb513b42e3187492/gaming.jpg","ACL":[],"is_dir":false,"parent_uid":null,"_version":1,"title":"gaming.jpg"},"blog_details":"<h4>Gaming Blog</h4>\n<p><strong>Author</strong>: Ethan</p>\n<p><strong>Summery</strong>: Lorem ipsum dolor sit amet, consectetur adipiscing elit, sed do eiusmod tempor incididunt ut labore et dolore magna aliqua. Neque sodales ut etiam sit. Vestibulum sed arcu non odio euismod lacinia at</p>","cta":{"title":"Visit Blog","href":"/gaming-blog"}}},{"blog_list":{"blog_image":{"uid":"blt6ae192b91c51204e","created_at":"2020-07-07T11:36:37.502Z","updated_at":"2020-07-07T11:36:37.502Z","created_by":"bltf01cfddcefa2394d","updated_by":"bltf01cfddcefa2394d","content_type":"image/jpeg","file_size":"381195","tags":[],"filename":"education.jpg","url":"https://images.contentstack.io/v3/assets/bltf0aeb46e292dbc44/blt6ae192b91c51204e/5f045e4589ac682d3b3aeec8/education.jpg","ACL":[],"is_dir":false,"parent_uid":null,"_version":1,"title":"education.jpg"},"blog_details":"<h4>Educational Blog</h4>\n<p><strong>Author</strong>: Henry</p>\n<p><strong>Summery</strong>: Lorem ipsum dolor sit amet, consectetur adipiscing elit, sed do eiusmod tempor incididunt ut labore et dolore magna aliqua. Neque sodales ut etiam sit. Vestibulum sed arcu non odio euismod lacinia at</p>","cta":{"title":"Visit Blog","href":"/educational-blog"}}}],"tags":[],"locale":"en-us","uid":"blt3a2b7462903b27e8","created_by":"bltf01cfddcefa2394d","updated_by":"bltf01cfddcefa2394d","created_at":"2020-07-07T12:04:16.994Z","updated_at":"2020-07-09T06:08:23.588Z","_version":2,"_in_progress":false}