{"title":"Food Blog","url":"/food-blog","hero_banner":[{"banner_title_only":{"title":"Food Blog","image":{"uid":"bltc64684f17d99ee29","created_at":"2020-07-07T11:38:14.958Z","updated_at":"2020-07-07T11:38:14.958Z","created_by":"bltf01cfddcefa2394d","updated_by":"bltf01cfddcefa2394d","content_type":"image/jpeg","file_size":"705859","tags":[],"filename":"food_blog.jpg","url":"https://images.contentstack.io/v3/assets/bltf0aeb46e292dbc44/bltc64684f17d99ee29/5f045ea6eb513b42e318749e/food_blog.jpg","ACL":[],"is_dir":false,"parent_uid":null,"_version":1,"title":"food_blog.jpg"}}}],"modular_blocks":[{"blog_post_page":{"blog_post":[{"blog_content":{"blog_post_content":"<p>Lorem ipsum dolor sit amet, consectetur adipiscing elit, sed do eiusmod tempor incididunt ut labore et dolore magna aliqua. Velit laoreet id donec ultrices tincidunt arcu non sodales. Dictum fusce ut placerat orci. Sed tempus urna et pharetra pharetra. Porta nibh venenatis cras sed felis eget velit aliquet sagittis. Eu consequat ac felis donec et odio pellentesque. Facilisi nullam vehicula ipsum a arcu cursus vitae. Viverra suspendisse potenti nullam ac. Venenatis lectus magna fringilla urna porttitor rhoncus dolor purus non. Et odio pellentesque diam volutpat commodo sed egestas egestas. Diam vel quam elementum pulvinar etiam non quam. Eget magna fermentum iaculis eu non diam phasellus vestibulum. Leo integer malesuada nunc vel risus. Tempus iaculis urna id volutpat lacus laoreet. Cursus in hac habitasse platea dictumst. Lectus vestibulum mattis ullamcorper velit sed. Aliquam faucibus purus in massa. Ullamcorper sit amet risus nullam eget. Scelerisque varius morbi enim nunc faucibus a pellentesque.</p>\n<p>Rutrum tellus pellentesque eu tincidunt tortor. Pharetra massa massa ultricies mi quis hendrerit dolor magna eget. Sed faucibus turpis in eu mi bibendum neque egestas. Eu scelerisque felis imperdiet proin fermentum leo vel orci porta. Elit sed vulputate mi sit amet mauris commodo quis imperdiet. Faucibus scelerisque eleifend donec pretium. Nunc eget lorem dolor sed viverra ipsum nunc. Blandit aliquam etiam erat velit scelerisque in. Sed turpis tincidunt id aliquet risus feugiat. Gravida in fermentum et sollicitudin ac orci phasellus. Turpis nunc eget lorem dolor sed viverra ipsum. Dui accumsan sit amet nulla.</p>"}},{"blog_quotes":{"quote":"<img class=\"quoteIcon\" src=\"https://images.contentstack.io/v3/assets/bltf0aeb46e292dbc44/blt9356f9540cb58c0e/5f046936a6e8d0446e91d15b/quote-left-64_.png\" data-image=\"53dbk42n38l3\">\n<p>If you really want to make a friend, go to someone's house and eat with him... the people who give you their food give you their heart.</p>\n<p><strong>Cesar Chavez</strong></p>","quote_author":""}},{"blog_content":{"blog_post_content":"<p>Gravida rutrum quisque non tellus orci ac. Tristique risus nec feugiat in. Turpis nunc eget lorem dolor sed viverra. Consectetur adipiscing elit duis tristique sollicitudin nibh sit amet. Enim sed faucibus turpis in eu mi bibendum. Scelerisque varius morbi enim nunc faucibus a pellentesque sit. Nisl nisi scelerisque eu ultrices vitae auctor eu augue ut. A lacus vestibulum sed arcu non odio euismod lacinia at. Odio facilisis mauris sit amet massa vitae tortor condimentum lacinia. Augue interdum velit euismod in pellentesque massa placerat duis. Auctor augue mauris augue neque. At ultrices mi tempus imperdiet nulla malesuada pellentesque elit. Proin fermentum leo vel orci porta non pulvinar. Sed enim ut sem viverra aliquet eget sit amet tellus. Nunc sed velit dignissim sodales ut eu sem integer vitae. Ut diam quam nulla porttitor. Enim nulla aliquet porttitor lacus luctus accumsan tortor. Elit pellentesque habitant morbi tristique senectus et netus et malesuada.</p>\n<figure style=\"box-sizing: inherit; margin: 0px 0px 1em; padding: 0px; display: block; position: relative; outline: 0px !important; clear: both; color: rgb(116, 133, 144); font-family: proximaNovaRegular, Arial, Helvetica, sans-serif; font-size: 13px; font-style: normal; font-variant-ligatures: normal; font-variant-caps: normal; font-weight: 400; letter-spacing: normal; orphans: 2; text-align: start; text-indent: 0px; text-transform: none; white-space: normal; widows: 2; word-spacing: 0px; -webkit-text-stroke-width: 0px; text-decoration-style: initial; text-decoration-color: initial; background-color: rgb(255, 255, 255);\"><img class=\"blogpostImage\" src=\"https://images.contentstack.io/v3/assets/blt17537f14dafb140d/blte85a1927da0e6b4a/5ef03e8a6b547b2c37e3b4ea/foodBlog_post.jpg\" alt=\"postImage\" data-image=\"b4fy9unrugzp\"></figure>\n<p>Tempor nec feugiat nisl pretium fusce. Tristique magna sit amet purus gravida quis blandit turpis. Nisl nisi scelerisque eu ultrices vitae auctor eu augue ut. Ultricies mi eget mauris pharetra et ultrices neque. Pellentesque id nibh tortor id. Turpis in eu mi bibendum neque egestas. Nisl nisi scelerisque eu ultrices vitae auctor. Mauris sit amet massa vitae tortor condimentum. Proin fermentum leo vel orci porta non. Est pellentesque elit ullamcorper dignissim cras tincidunt lobortis feugiat vivamus. Pulvinar sapien et ligula ullamcorper malesuada. In hac habitasse platea dictumst quisque sagittis purus.</p>\n<p>Quam pellentesque nec nam aliquam sem et. Cras ornare arcu dui vivamus. Sociis natoque penatibus et magnis dis. Orci ac auctor augue mauris augue. Risus quis varius quam quisque id diam. Id venenatis a condimentum vitae. A lacus vestibulum sed arcu non odio euismod lacinia at. Commodo nulla facilisi nullam vehicula ipsum a. Dignissim diam quis enim lobortis scelerisque fermentum dui faucibus. Ac tortor vitae purus faucibus ornare suspendisse sed. Adipiscing elit ut aliquam purus sit amet luctus venenatis lectus. Sit amet nisl purus in mollis. Mi quis hendrerit dolor magna eget est lorem ipsum. Tincidunt arcu non sodales neque sodales. Quisque egestas diam in arcu cursus euismod. Id diam vel quam elementum pulvinar etiam.</p>"}},{"social_network_embed":{"embed_code":["<div class=\"twitter-tweet twitter-tweet-rendered\" style=\"display: flex; max-width: 550px; width: 100%; margin-top: 10px; margin-bottom: 10px;\"><figure><iframe id=\"twitter-widget-0\" scrolling=\"no\" frameborder=\"0\" allowtransparency=\"true\" allowfullscreen=\"true\" style=\"position: static; visibility: visible; width: 550px; height: 602px; display: block; flex-grow: 1;\" title=\"Twitter Tweet\" src=\"https://platform.twitter.com/embed/index.html?dnt=false&embedId=twitter-widget-0&frame=false&hideCard=false&hideThread=false&id=1275309294611656705&lang=en&origin=file%3A%2F%2F%2Fhome%2Famit%2FDownloads%2Fcodebeautify.html&theme=light&widgetsVersion=9066bb2%3A1593540614199&width=550px\" data-tweet-id=\"1275309294611656705\"></iframe></figure></div>","<div class=\"twitter-tweet twitter-tweet-rendered\" style=\"display: flex; max-width: 550px; width: 100%; margin-top: 10px; margin-bottom: 10px;\"><figure><iframe id=\"twitter-widget-0\" scrolling=\"no\" frameborder=\"0\" allowtransparency=\"true\" allowfullscreen=\"true\" style=\"position: static; visibility: visible; width: 550px; height: 501px; display: block; flex-grow: 1;\" title=\"Twitter Tweet\" src=\"https://platform.twitter.com/embed/index.html?dnt=false&embedId=twitter-widget-0&frame=false&hideCard=false&hideThread=false&id=1275309531086688258&lang=en&origin=file%3A%2F%2F%2Fhome%2Famit%2FDownloads%2Fcodebeautify%2520(1).html&theme=light&widgetsVersion=9066bb2%3A1593540614199&width=550px\" data-tweet-id=\"1275309531086688258\"></iframe></figure></div>"]}}]}}],"tags":[],"locale":"en-us","uid":"blt0c9f2925e735cf23","created_by":"bltf01cfddcefa2394d","updated_by":"bltf01cfddcefa2394d","created_at":"2020-07-07T12:25:12.796Z","updated_at":"2020-07-09T07:39:50.468Z","_version":3,"_in_progress":false}