{"_version":4,"locale":"en-us","uid":"bltd5cc7502f41e3fbd","_in_progress":false,"created_at":"2020-07-07T09:33:03.405Z","created_by":"bltf01cfddcefa2394d","promote":{"description":"<h2>Promote your service - <span class=\"cms\">with marketing!</span></h2>\n<p><span class=\"subtitle\">Marketing - awesome multifunctional landing page. Increase your conversion rate</span></p>","sub_content":"<p></p>\n<p>Landing Page enables your visitors to get what they came for. Determine a target action you would like a user to take and make use of our suggested tools. You can ask a user to sign up, leave an email, choose a pricing plan, or redirect him to another page. Use Flexy to increase your conversion rate. Do A/B testing. Use various suggested modules from the Flexy theme to create different landing pages. The page with more conversions (more people taking action) wins.</p>\n<p></p>","image":{"uid":"blt17dd2fee7636de88","created_at":"2020-07-07T07:45:52.218Z","updated_at":"2020-07-07T07:45:52.218Z","created_by":"bltf01cfddcefa2394d","updated_by":"bltf01cfddcefa2394d","content_type":"image/png","file_size":"240144","tags":[],"filename":"promotion.png","url":"https://images.contentstack.io/v3/assets/bltf0aeb46e292dbc44/blt17dd2fee7636de88/5f04283089ac682d3b3aeda0/promotion.png","ACL":[],"is_dir":false,"parent_uid":null,"_version":1,"title":"promotion.png"},"store_section":[{"title":"App Store","image":{"uid":"blt2c141c30b932f482","created_at":"2020-07-07T07:49:05.253Z","updated_at":"2020-07-07T07:49:05.253Z","created_by":"bltf01cfddcefa2394d","updated_by":"bltf01cfddcefa2394d","content_type":"image/jpeg","file_size":"1967","tags":[],"filename":"apple.jpg","url":"https://images.contentstack.io/v3/assets/bltf0aeb46e292dbc44/blt2c141c30b932f482/5f0428f1bf38a42e299aeebb/apple.jpg","ACL":[],"is_dir":false,"parent_uid":null,"_version":1,"title":"apple.jpg"},"color_image":{"uid":"blt411df71165ae8000","created_at":"2020-07-07T07:49:05.255Z","updated_at":"2020-07-07T07:49:05.255Z","created_by":"bltf01cfddcefa2394d","updated_by":"bltf01cfddcefa2394d","content_type":"image/jpeg","file_size":"2220","tags":[],"filename":"apple-color.jpg","url":"https://images.contentstack.io/v3/assets/bltf0aeb46e292dbc44/blt411df71165ae8000/5f0428f1eb513b42e3187327/apple-color.jpg","ACL":[],"is_dir":false,"parent_uid":null,"_version":1,"title":"apple-color.jpg"}},{"title":"Google Play","image":{"uid":"blt88d65ff11a85027a","created_at":"2020-07-07T07:45:51.363Z","updated_at":"2020-07-07T07:45:51.363Z","created_by":"bltf01cfddcefa2394d","updated_by":"bltf01cfddcefa2394d","content_type":"image/jpeg","file_size":"1923","tags":[],"filename":"play.jpg","url":"https://images.contentstack.io/v3/assets/bltf0aeb46e292dbc44/blt88d65ff11a85027a/5f04282f97f99e2d3aa339da/play.jpg","ACL":[],"is_dir":false,"parent_uid":null,"_version":1,"title":"play.jpg"},"color_image":{"uid":"blt742d9b48162ac9c0","created_at":"2020-07-07T07:45:51.362Z","updated_at":"2020-07-07T07:45:51.362Z","created_by":"bltf01cfddcefa2394d","updated_by":"bltf01cfddcefa2394d","content_type":"image/jpeg","file_size":"2398","tags":[],"filename":"play-color.jpg","url":"https://images.contentstack.io/v3/assets/bltf0aeb46e292dbc44/blt742d9b48162ac9c0/5f04282f4060eb2d11933b6e/play-color.jpg","ACL":[],"is_dir":false,"parent_uid":null,"_version":1,"title":"play-color.jpg"}},{"title":"Win Store","image":{"uid":"bltf032e351e7fb6db5","created_at":"2020-07-07T07:45:07.559Z","updated_at":"2020-07-07T07:45:07.559Z","created_by":"bltf01cfddcefa2394d","updated_by":"bltf01cfddcefa2394d","content_type":"image/jpeg","file_size":"2257","tags":[],"filename":"win.jpg","url":"https://images.contentstack.io/v3/assets/bltf0aeb46e292dbc44/bltf032e351e7fb6db5/5f042803eb513b42e3187315/win.jpg","ACL":[],"is_dir":false,"parent_uid":null,"_version":1,"title":"win.jpg"},"color_image":{"uid":"bltfd511adbfecea6ae","created_at":"2020-07-07T07:45:07.564Z","updated_at":"2020-07-07T07:45:07.564Z","created_by":"bltf01cfddcefa2394d","updated_by":"bltf01cfddcefa2394d","content_type":"image/jpeg","file_size":"2734","tags":[],"filename":"win-color.jpg","url":"https://images.contentstack.io/v3/assets/bltf0aeb46e292dbc44/bltfd511adbfecea6ae/5f042803ff57d53d3627c609/win-color.jpg","ACL":[],"is_dir":false,"parent_uid":null,"_version":1,"title":"win-color.jpg"}}]},"seo":{"title":"About page","description":"Here we can read about marketing site","keywords":"about"},"tags":[],"team_section":{"content":"<h2>Our smiling <span class=\"cms\"></span></h2>\n<p><span class=\"subtitle\">Marketing - awesome multifunctional landing page</span></p>\n<p class=\"mbl\">Quis nostrud exercitation ullamco laboris nisi ut aliquip ex ea commodo consequat. Duis aute irure dolor in reprehenderit in voluptate velit esse cillum dolore eu fugiat nulla <a href=\"http://www.google.com\" target=\"_blank\"></a>pariatur \".\"</p>","image":{"uid":"blt920003ae53e8aea1","created_at":"2020-07-07T07:45:57.243Z","updated_at":"2020-07-07T07:45:57.243Z","created_by":"bltf01cfddcefa2394d","updated_by":"bltf01cfddcefa2394d","content_type":"image/png","file_size":"521406","tags":[],"filename":"our-team.png","url":"https://images.contentstack.io/v3/assets/bltf0aeb46e292dbc44/blt920003ae53e8aea1/5f042835bece672e221df2b8/our-team.png","ACL":[],"is_dir":false,"parent_uid":null,"_version":1,"title":"our-team.png"},"cta":[{"title":"Get Template","link":"#","open_in_new_tab":false},{"title":"See more","link":"#","open_in_new_tab":false}]},"testimonials":[{"title":"Testimonial","name":"Someone Unknown","description":"<p>If you change the way you look at things, the things you look at will change</p>","background_image":{"uid":"blt6d73c3a9d1365cb7","created_at":"2020-07-07T07:45:14.248Z","updated_at":"2020-07-07T07:45:14.248Z","created_by":"bltf01cfddcefa2394d","updated_by":"bltf01cfddcefa2394d","content_type":"image/png","file_size":"439829","tags":[],"filename":"quote-bg.png","url":"https://images.contentstack.io/v3/assets/bltf0aeb46e292dbc44/blt6d73c3a9d1365cb7/5f04280ae224bf2d1883a5e2/quote-bg.png","ACL":[],"is_dir":false,"parent_uid":null,"_version":1,"title":"quote-bg.png"},"quote_image":{"uid":"blt72ce78a55f321fc1","created_at":"2020-07-07T07:45:08.406Z","updated_at":"2020-07-07T07:45:08.406Z","created_by":"bltf01cfddcefa2394d","updated_by":"bltf01cfddcefa2394d","content_type":"image/png","file_size":"1995","tags":[],"filename":"quote.png","url":"https://images.contentstack.io/v3/assets/bltf0aeb46e292dbc44/blt72ce78a55f321fc1/5f042804e54ba12bdf19b4fd/quote.png","ACL":[],"is_dir":false,"parent_uid":null,"_version":1,"title":"quote.png"}}],"title":"About","updated_at":"2020-07-07T14:37:14.157Z","updated_by":"bltf01cfddcefa2394d","url":"/about"}