{"_version":3,"locale":"en-us","uid":"blt8c4def0291e3a845","_in_progress":false,"advantages":{"content":"<h2>Some of the marketing’s <span class=\"\\&quot;cms\\&quot;\"> advantages</span></h2><p></p>\n<p class=\"\\&quot;intro-text\\&quot;\">Tell me about the benefits you provide. Tell what makes you different from your competitors and how you can help your customers</p>","advantages":[{"title":"Fully Responsive","description":"<p class=\"text-center\"></p>\n<p>Adaptive and responsive UI which works on any device. Convenient and simple navigation.</p>\n<p></p>"},{"title":"Clean Code","description":"<p><pclass=\"text-center\"></pclass=\"text-center\"></p>\n<p></p>\n<p>High quality and valid code. The theme was developed in compliance with all web standards.</p>\n<p></p>\n<p></p>"},{"title":"UI Design","description":"<p class=\"text-center\"></p>\n<p>All modules were picked up according to available functionality. Everything is well-thought and adopted to the business needs</p>\n<p></p>"},{"title":"For business","description":"<p class=\"text-center\"></p>\n<p>Taking into account our previous experience the theme was elaborated to cover at least 7 business use cases.</p>\n<p></p>"}],"tab_section":[{"title":"All that you need -","description":"<h2> All that you need -<span class=\"cms\">in marketing</span></h2>\n<p><span class=\"subtitle\">Flexy - awesome multifunctional landing page</span></p>\n<p>Lorem ipsum dolor sit amet, conse ctetur adipisicing elit, sed do eiusmod tempor incididunt ut labore et dolore magna aliqua. Ut enim ad minim veniam.</p>\n<p class=\"mbl\">Quis nostrud exercitation ullamco laboris nisi ut aliquip ex ea commodo consequat. Duis aute irure dolor in reprehenderit in voluptate velit esse cillum dolore eu fugiat nulla pariatur.</p>","cta":[{"title":"Get template","link":"#","open_in_new_tab":"false"},{"title":"See more","link":"#","open_in_new_tab":"false"}],"image":{"uid":"blt1d0feb0784d25b9c","created_at":"2020-07-07T07:45:08.737Z","updated_at":"2020-07-07T07:45:08.737Z","created_by":"bltf01cfddcefa2394d","updated_by":"bltf01cfddcefa2394d","content_type":"image/jpeg","file_size":"23623","tags":[],"filename":"prototype.jpg","url":"https://images.contentstack.io/v3/assets/bltf0aeb46e292dbc44/blt1d0feb0784d25b9c/5f0428044060eb2d11933b66/prototype.jpg","ACL":[],"is_dir":false,"parent_uid":null,"_version":1,"title":"prototype.jpg"}},{"title":"All that you need -","description":"<h2> All that you need -<span class=\"cms\">in marketing</span></h2>\n<p><span class=\"subtitle\">Flexy - awesome multifunctional landing page</span></p>\n<p>Lorem ipsum dolor sit amet, conse ctetur adipisicing elit, sed do eiusmod tempor incididunt ut labore et dolore magna aliqua. Ut enim ad minim veniam.</p>\n<p class=\"mbl\">Quis nostrud exercitation ullamco laboris nisi ut aliquip ex ea commodo consequat. Duis aute irure dolor in reprehenderit in voluptate velit esse cillum dolore eu fugiat nulla pariatur.</p>","cta":[{"title":"Get template","link":"#","open_in_new_tab":"false"},{"title":"See more","link":"#","open_in_new_tab":"false"}],"image":{"uid":"blte4ec414779bc0e1d","created_at":"2020-07-07T07:45:12.195Z","updated_at":"2020-07-07T07:45:12.195Z","created_by":"bltf01cfddcefa2394d","updated_by":"bltf01cfddcefa2394d","content_type":"image/png","file_size":"139339","tags":[],"filename":"ui-design.png","url":"https://images.contentstack.io/v3/assets/bltf0aeb46e292dbc44/blte4ec414779bc0e1d/5f0428084060eb2d11933b6a/ui-design.png","ACL":[],"is_dir":false,"parent_uid":null,"_version":1,"title":"ui-design.png"}},{"title":"All that you need -","description":"<h2> All that you need -<span class=\"cms\">in marketing</span></h2>\n<p><span class=\"subtitle\">Flexy - awesome multifunctional landing page</span></p>\n<p>Lorem ipsum dolor sit amet, conse ctetur adipisicing elit, sed do eiusmod tempor incididunt ut labore et dolore magna aliqua. Ut enim ad minim veniam.</p>\n<p class=\"mbl\">Quis nostrud exercitation ullamco laboris nisi ut aliquip ex ea commodo consequat. Duis aute irure dolor in reprehenderit in voluptate velit esse cillum dolore eu fugiat nulla pariatur.</p>","cta":[{"title":"Get template","link":"#","open_in_new_tab":"false"},{"title":"See more","link":"#","open_in_new_tab":"false"}],"image":{"uid":"blt830ae444b91807b9","created_at":"2020-07-07T07:48:24.284Z","updated_at":"2020-07-07T07:48:24.284Z","created_by":"bltf01cfddcefa2394d","updated_by":"bltf01cfddcefa2394d","content_type":"image/png","file_size":"86082","tags":[],"filename":"final-project.png","url":"https://images.contentstack.io/v3/assets/bltf0aeb46e292dbc44/blt830ae444b91807b9/5f0428c8225b84336e226687/final-project.png","ACL":[],"is_dir":false,"parent_uid":null,"_version":1,"title":"final-project.png"}}]},"created_at":"2020-07-07T09:26:08.224Z","created_by":"bltf01cfddcefa2394d","seo":{"title":"features","description":"New features of the marketing site will be displayed here.","keywords":"features"},"tags":[],"title":"Features","updated_at":"2020-07-07T14:13:28.425Z","updated_by":"bltf01cfddcefa2394d","url":"/features","video_section":{"video":"<figure><iframe width=\"560\" height=\"315\" src=\"https://www.youtube.com/embed/aywP_ozA2NY\" frameborder=\"0\" allowfullscreen=\"\"></iframe></figure>","image":{"uid":"blt148732d9b9ab32f8","created_at":"2020-07-07T07:45:14.355Z","updated_at":"2020-07-07T07:45:14.355Z","created_by":"bltf01cfddcefa2394d","updated_by":"bltf01cfddcefa2394d","content_type":"image/png","file_size":"562235","tags":[],"filename":"video-bg.png","url":"https://images.contentstack.io/v3/assets/bltf0aeb46e292dbc44/blt148732d9b9ab32f8/5f04280a9ccd4234d71437c3/video-bg.png","ACL":[],"is_dir":false,"parent_uid":null,"_version":1,"title":"video-bg.png"}}}