{"_version":2,"locale":"en-us","uid":"blt9be79e9e6b1d7824","_in_progress":false,"created_at":"2020-07-07T07:59:35.076Z","created_by":"bltf01cfddcefa2394d","cta":[{"title":"Sign Up","link":"#","open_in_new_tab":false},{"title":"Login","link":"#","open_in_new_tab":false}],"logo":{"image":{"uid":"blt40a6777054fe08d6","created_at":"2020-07-07T14:20:36.839Z","updated_at":"2020-07-07T14:20:36.839Z","created_by":"bltf01cfddcefa2394d","updated_by":"bltf01cfddcefa2394d","content_type":"image/png","file_size":"2125","tags":[],"filename":"logo.png","url":"https://images.contentstack.io/v3/assets/bltf0aeb46e292dbc44/blt40a6777054fe08d6/5f0484b4e224bf2d1883a794/logo.png","ACL":[],"is_dir":false,"_version":1,"title":"logo.png"},"color_image":{"uid":"blt555280c9b29494b0","created_at":"2020-07-07T07:55:41.728Z","updated_at":"2020-07-07T07:55:41.728Z","created_by":"bltf01cfddcefa2394d","updated_by":"bltf01cfddcefa2394d","content_type":"image/png","file_size":"1860","tags":[],"filename":"logo-hover.png","url":"https://images.contentstack.io/v3/assets/bltf0aeb46e292dbc44/blt555280c9b29494b0/5f042a7d4060eb2d11933b82/logo-hover.png","ACL":[],"is_dir":false,"parent_uid":null,"_version":1,"title":"logo-hover.png"},"link":{"title":"logo","href":"/"}},"navigation_section":{"navigation_bar":[{"title":"Home","link":"/","sub_navigation":[]},{"title":"Features","link":"/features","sub_navigation":[]},{"title":"About","link":"/about","sub_navigation":[]},{"title":"Product","link":"/product","sub_navigation":[]},{"title":"Blogs","link":"/blogs","sub_navigation":[]}]},"tags":[],"title":"Header","updated_at":"2020-07-07T14:21:11.730Z","updated_by":"bltf01cfddcefa2394d"}