{"_version":2,"locale":"en-us","uid":"bltce1fc822a0cdf0dd","_in_progress":false,"created_at":"2020-07-07T08:11:45.871Z","created_by":"bltf01cfddcefa2394d","hero_banner":{"title":"Marketing is :","rolling_text":["multifunctional business theme"],"description":"<p>Promote your business effectively \n<br>\nMarketing - awesome multifunctional landing page. All that you need to promote your business.\n</p>","cta":[{"title":"Buy now","link":"#","open_in_new_tab":false},{"title":"See where to buy","link":"#","open_in_new_tab":false}],"banner_image":{"uid":"bltadc3b37cab30759e","created_at":"2020-07-07T07:49:08.892Z","updated_at":"2020-07-07T07:49:08.892Z","created_by":"bltf01cfddcefa2394d","updated_by":"bltf01cfddcefa2394d","content_type":"image/jpeg","file_size":"288309","tags":[],"filename":"banner-main.jpg","url":"https://images.contentstack.io/v3/assets/bltf0aeb46e292dbc44/bltadc3b37cab30759e/5f0428f4225b84336e22668b/banner-main.jpg","ACL":[],"is_dir":false,"parent_uid":null,"_version":1,"title":"banner-main.jpg"}},"seo":{"title":"home","description":"Marketing website home page","keywords":"home","no_follow":true,"no_index":true},"tags":[],"title":"Home","updated_at":"2020-07-07T14:24:19.551Z","updated_by":"bltf01cfddcefa2394d","url":"/"}