{"_version":2,"locale":"en-us","uid":"blt3790c92073f8271f","_in_progress":false,"banner":[{"title":"Product Banner","description":"<p>The Product Management \n\n<a href=\"http://www.google.com\" target=\"_blank\">Platform</a>\n\nfor Building \n\n<a href=\"http://www.google.com\" target=\"_blank\">Better</a>\n\n<a href=\"http://www.google.com\" target=\"_blank\">Products</a>\n\n</p>","cta":{"link":"Try it for free","open_in_new_tab":false},"banner_img":{"uid":"blt6d27a82b48c0eb61","created_at":"2020-07-07T07:45:54.305Z","updated_at":"2020-07-07T07:45:54.305Z","created_by":"bltf01cfddcefa2394d","updated_by":"bltf01cfddcefa2394d","content_type":"image/jpeg","file_size":"92670","tags":[],"filename":"product-bg.jpg","url":"https://images.contentstack.io/v3/assets/bltf0aeb46e292dbc44/blt6d27a82b48c0eb61/5f04283289ac682d3b3aeda4/product-bg.jpg","ACL":[],"is_dir":false,"parent_uid":null,"_version":1,"title":"product-bg.jpg"}}],"created_at":"2020-07-07T09:15:11.788Z","created_by":"bltf01cfddcefa2394d","process_communication":{"head_content":"<h2>Communicate throughout the <span>entire process</span></h2>","image":{"uid":"bltc1c4929205bfee4f","created_at":"2020-07-07T07:45:52.178Z","updated_at":"2020-07-07T07:45:52.178Z","created_by":"bltf01cfddcefa2394d","updated_by":"bltf01cfddcefa2394d","content_type":"image/png","file_size":"60017","tags":[],"filename":"messaging.png","url":"https://images.contentstack.io/v3/assets/bltf0aeb46e292dbc44/bltc1c4929205bfee4f/5f042830ff57d53d3627c611/messaging.png","ACL":[],"is_dir":false,"parent_uid":null,"_version":1,"title":"messaging.png"},"process_content":[{"title":"Run a better beta","description":"Lorem ipsum dolor sit amet, conse ctetur adipisicing elit, sed do eiusmod tempor incididunt ut labore et dolore magna aliqua. Ut enim ad minim veniam."},{"title":"Validate your own ideas","description":"Lorem ipsum dolor sit amet, conse ctetur adipisicing elit, sed do eiusmod tempor incididunt ut labore et dolore magna aliqua. Ut enim ad minim veniam."},{"title":"Build the business case","description":"Lorem ipsum dolor sit amet, conse ctetur adipisicing elit, sed do eiusmod tempor incididunt ut labore et dolore magna aliqua. Ut enim ad minim veniam."}]},"products":{"content":"<h2>Try any plan free for <span class=\"cms\">14 days</span></h2>\n<p><span class=\"subtitle\">Lorem ipsum dolor sit amet, consectetur adipiscing elit. Nunc condimentum libero leo, interdum finibus urna luctus quis. Proin tempor, metus pulvinar finibus vehicula, magna nisi lacinia lectus, id consequat velit odio ut tortor. Morbi cursus, odio id laoreet condimentum, </span></p>","cta":{"title":"View full feature list","link":"#","open_in_new_tab":false},"plans":[{"title":"Basic","amount":"<p>$ <span class=\"count\">499</span>/mo</p>","label":"The entry-level toolset for small product management teams","features":"<h3>Features</h3>\n<p>1 Product</p>\n<p>3 Admins</p>\n<p>10,000 End Users</p>\n<p>New SmartVote</p>\n<p>Feedback Prioritization</p>\n<p>Personalized Views and Notifications</p>","image":null},{"title":"Premium","amount":"<p>$ <span class=\"\\&quot;count\\&quot;\">999</span>/mo</p>","label":"Advanced capabilities designed for growing teams and multiple product","features":"<h3>Features</h3>\n<p>3 Product</p>\n<p>10 Admins</p>\n<p>25,000 End Users</p>\n<p>Multi-Language Support</p>\n<p>Private Forums</p>\n<p>Advanced Reporting</p>","image":null},{"title":"Enterprise","amount":"<p>Contact us for pricing</p>","label":"The preferred choice of enterprise product owner","features":"<h3>Features</h3>\n<p>3+ Product</p>\n<p>10+ Admins</p>\n<p>25,000+ End Users</p>\n<p>Onboarding Services</p>\n<p>Priority Support</p>","image":null}]},"real_data":{"content":"<h2>Build your roadmap with <span>real data</span></h2>","image":{"uid":"bltb0be0c0b17786e3a","created_at":"2020-07-07T07:48:24.258Z","updated_at":"2020-07-07T07:48:24.258Z","created_by":"bltf01cfddcefa2394d","updated_by":"bltf01cfddcefa2394d","content_type":"image/png","file_size":"33541","tags":[],"filename":"data.png","url":"https://images.contentstack.io/v3/assets/bltf0aeb46e292dbc44/bltb0be0c0b17786e3a/5f0428c8e54ba12bdf19b507/data.png","ACL":[],"is_dir":false,"parent_uid":null,"_version":1,"title":"data.png"},"real_data_content":[{"title":"Prioritize the features that matter","description":"Lorem ipsum dolor sit amet, conse ctetur adipisicing elit, sed do eiusmod tempor incididunt ut labore et dolore magna aliqua. Ut enim ad minim veniam."},{"title":"Validate your own ideas","description":"Lorem ipsum dolor sit amet, conse ctetur adipisicing elit, sed do eiusmod tempor incididunt ut labore et dolore magna aliqua. Ut enim ad minim veniam."},{"title":"Build the business case","description":"Lorem ipsum dolor sit amet, conse ctetur adipisicing elit, sed do eiusmod tempor incididunt ut labore et dolore magna aliqua. Ut enim ad minim veniam."}]},"right_sources":{"content":"<h2>Collect feedback from all the <span class=\"cms\">right sources</span></h2>","image":{"uid":"blt61a221662c06f67a","created_at":"2020-07-07T07:48:23.951Z","updated_at":"2020-07-07T07:48:23.951Z","created_by":"bltf01cfddcefa2394d","updated_by":"bltf01cfddcefa2394d","content_type":"image/png","file_size":"11835","tags":[],"filename":"devices.png","url":"https://images.contentstack.io/v3/assets/bltf0aeb46e292dbc44/blt61a221662c06f67a/5f0428c7a6e8d0446e91cff8/devices.png","ACL":[],"is_dir":false,"parent_uid":null,"_version":1,"title":"devices.png"},"right_sources_content":[{"title":"Inside your applications","description":"Lorem ipsum dolor sit amet, consectetur adipiscing elit. Nunc condimentum libero leo, interdum finibus urna luctus quis. Proin tempor, metus pulvinar finibus vehicula, magna nisi lacinia lectus."},{"title":"From your website","description":"Lorem ipsum dolor sit amet, consectetur adipiscing elit. Nunc condimentum."},{"title":"Across the enterprise","description":"Lorem ipsum dolor sit amet, consectetur adipiscing elit. Nunc condimentum."}]},"see_it_in_action":{"content":"See it in action","cta":{"tilte":"view live demo","link":"#","open_in_new_tab":false}},"tags":[],"title":"Product","try_now":{"content":"<h2 class=\"mbm\">Start your free 14 day trial</h2>\n<p>No credit card required. Cancel anytime.</p>","cta":{"title":"Try it now","link":"#","open_in_new_tab":false}},"updated_at":"2020-07-07T14:30:06.179Z","updated_by":"bltf01cfddcefa2394d","url":"/product"}