{"_version":1,"locale":"en-us","uid":"blt74c689d607bdc31b","_in_progress":false,"created_at":"2020-05-12T15:02:17.618Z","created_by":"bltf01cfddcefa2394d","promote":{"description":"<h2>Promote you service - <span class=\"cms\">with marketing!</span></h2>\n<p><span class=\"subtitle\">Marketing - awesome multifunctional landing page. Increase your conversion rate</span></p>","sub_content":"<p></p>\n<p>Landing Page enables your visitors to get what they came for. Determine a target action you would like a user to take and make use of our suggested tools. You can ask a user to sign up, leave an email, choose a pricing plan or redirect him to another page. Use Flexy to increase your conversion rate. Do A/B testing. Use various suggested modules from Flexy theme to create different landing pages. The page with more conversions (more people taking action) wins.</p>\n<p></p>","image":{"uid":"bltb9d53f038c996f90","created_at":"2020-05-12T14:45:18.069Z","updated_at":"2020-05-12T14:45:18.069Z","created_by":"bltf01cfddcefa2394d","updated_by":"bltf01cfddcefa2394d","content_type":"image/png","file_size":"240144","tags":[],"filename":"promotion.png","url":"https://images.contentstack.io/v3/assets/blt9a66fc0dee28e4d0/bltb9d53f038c996f90/5ebab67ef7d1ee4c034c95ac/promotion.png","ACL":[],"is_dir":false,"_version":1,"title":"promotion.png"},"store_section":[{"title":"App Store","image":{"uid":"blt389a1f2113794412","created_at":"2020-05-12T14:48:07.615Z","updated_at":"2020-05-12T14:48:07.615Z","created_by":"bltf01cfddcefa2394d","updated_by":"bltf01cfddcefa2394d","content_type":"image/jpeg","file_size":"2220","tags":[],"filename":"apple-color.jpg","url":"https://images.contentstack.io/v3/assets/blt9a66fc0dee28e4d0/blt389a1f2113794412/5ebab727b97c864b123fb58b/apple-color.jpg","ACL":[],"is_dir":false,"_version":1,"title":"apple-color.jpg"},"color_image":{"uid":"blt571933fac6c3bb05","created_at":"2020-05-12T14:48:15.167Z","updated_at":"2020-05-12T14:48:15.167Z","created_by":"bltf01cfddcefa2394d","updated_by":"bltf01cfddcefa2394d","content_type":"image/jpeg","file_size":"1967","tags":[],"filename":"apple.jpg","url":"https://images.contentstack.io/v3/assets/blt9a66fc0dee28e4d0/blt571933fac6c3bb05/5ebab72f6d085375dccc1eaa/apple.jpg","ACL":[],"is_dir":false,"_version":1,"title":"apple.jpg"}},{"title":"Google Play","image":{"uid":"blt48c2150eae4fc586","created_at":"2020-05-12T14:49:28.475Z","updated_at":"2020-05-12T14:49:28.475Z","created_by":"bltf01cfddcefa2394d","updated_by":"bltf01cfddcefa2394d","content_type":"image/jpeg","file_size":"1923","tags":[],"filename":"play.jpg","url":"https://images.contentstack.io/v3/assets/blt9a66fc0dee28e4d0/blt48c2150eae4fc586/5ebab7785dd1e2313444a2e8/play.jpg","ACL":[],"is_dir":false,"_version":1,"title":"play.jpg"},"color_image":{"uid":"blt7f6afbf17fea6c6e","created_at":"2020-05-12T14:49:35.379Z","updated_at":"2020-05-12T14:49:35.379Z","created_by":"bltf01cfddcefa2394d","updated_by":"bltf01cfddcefa2394d","content_type":"image/jpeg","file_size":"2398","tags":[],"filename":"play-color.jpg","url":"https://images.contentstack.io/v3/assets/blt9a66fc0dee28e4d0/blt7f6afbf17fea6c6e/5ebab77ff7d1ee4c034c95c0/play-color.jpg","ACL":[],"is_dir":false,"_version":1,"title":"play-color.jpg"}},{"title":"Win Store","image":{"uid":"blt9e8939be29456afb","created_at":"2020-05-12T14:50:00.812Z","updated_at":"2020-05-12T14:50:00.812Z","created_by":"bltf01cfddcefa2394d","updated_by":"bltf01cfddcefa2394d","content_type":"image/jpeg","file_size":"2257","tags":[],"filename":"win.jpg","url":"https://images.contentstack.io/v3/assets/blt9a66fc0dee28e4d0/blt9e8939be29456afb/5ebab798b97c864b123fb58f/win.jpg","ACL":[],"is_dir":false,"_version":1,"title":"win.jpg"},"color_image":{"uid":"blt88b2bfd8537473c6","created_at":"2020-05-12T14:50:05.513Z","updated_at":"2020-05-12T14:50:05.513Z","created_by":"bltf01cfddcefa2394d","updated_by":"bltf01cfddcefa2394d","content_type":"image/jpeg","file_size":"2734","tags":[],"filename":"win-color.jpg","url":"https://images.contentstack.io/v3/assets/blt9a66fc0dee28e4d0/blt88b2bfd8537473c6/5ebab79d77057176bdb90dd2/win-color.jpg","ACL":[],"is_dir":false,"_version":1,"title":"win-color.jpg"}}]},"seo":{"title":"About page","description":"Here we can read about marketing site","keywords":"about"},"tags":[],"team_section":{"content":"<h2>Our smiling <span class=\"cms\"></span></h2>\n<p><span class=\"subtitle\">Marketing - awesome multifunctional landing page</span></p>\n<p class=\"mbl\">Quis nostrud exercitation ullamco laboris nisi ut aliquip ex ea commodo consequat. Duis aute irure dolor in reprehenderit in voluptate velit esse cillum dolore eu fugiat nulla <a href=\"http://www.google.com\" target=\"_blank\"></a>pariatur \".\"</p>","image":{"uid":"blt663c3256889569da","created_at":"2020-05-12T14:40:24.008Z","updated_at":"2020-05-12T14:40:24.008Z","created_by":"bltf01cfddcefa2394d","updated_by":"bltf01cfddcefa2394d","content_type":"image/png","file_size":"521406","tags":[],"filename":"our-team.png","url":"https://images.contentstack.io/v3/assets/blt9a66fc0dee28e4d0/blt663c3256889569da/5ebab5586e390275e2aed3ef/our-team.png","ACL":[],"is_dir":false,"_version":1,"title":"our-team.png"},"cta":[{"title":"Get Template","link":"#","open_in_new_tab":false},{"title":"See more","link":"#","open_in_new_tab":false}]},"testimonials":[{"title":"Testimonial","name":"- Someone Unknown","description":"<p>If you change the way you look at things, the things you look at will change</p>","background_image":{"uid":"blt407607c117e8ab82","created_at":"2020-05-12T14:51:45.521Z","updated_at":"2020-05-12T14:51:45.521Z","created_by":"bltf01cfddcefa2394d","updated_by":"bltf01cfddcefa2394d","content_type":"image/png","file_size":"439829","tags":[],"filename":"quote-bg.png","url":"https://images.contentstack.io/v3/assets/blt9a66fc0dee28e4d0/blt407607c117e8ab82/5ebab801b8c49976b71c0631/quote-bg.png","ACL":[],"is_dir":false,"_version":1,"title":"quote-bg.png"},"quote_image":{"uid":"blt35ec9531bdee6048","created_at":"2020-05-12T14:56:45.945Z","updated_at":"2020-05-12T14:56:45.945Z","created_by":"bltf01cfddcefa2394d","updated_by":"bltf01cfddcefa2394d","content_type":"image/png","file_size":"1995","tags":[],"filename":"quote.png","url":"https://images.contentstack.io/v3/assets/blt9a66fc0dee28e4d0/blt35ec9531bdee6048/5ebab92dfd85ad7411ce6661/quote.png","ACL":[],"is_dir":false,"_version":1,"title":"quote.png"}}],"title":"About","updated_at":"2020-05-12T15:02:17.618Z","updated_by":"bltf01cfddcefa2394d","url":"/about"}