{"_version":5,"locale":"en-us","uid":"blt95607b9a3644aeeb","_in_progress":false,"created_at":"2020-05-14T06:18:20.686Z","created_by":"bltf01cfddcefa2394d","display_blogs":[{"blogs":{"title":"First Blog Post","brief_description":"<p>\nLorem ipsum dolor sit amet, consectetur adipiscing elit, sed do eiusmod tempor incididunt ut labore et dolore magna aliqua. Ante in nibh mauris cursus. Quis eleifend quam adipiscing vitae. Quam pellentesque nec nam aliquam sem et. Porttitor massa id neque aliquam vestibulum morbi. Sed risus pretium quam vulputate dignissim suspendisse in. In mollis nunc sed id. Ac turpis egestas integer eget aliquet nibh praesent tristique magna. Tincidunt id aliquet risus feugiat in ante metus dictum. Sapien faucibus et molestie ac feugiat sed lectus vestibulum mattis. Dapibus ultrices in iaculis nunc sed augue lacus viverra vitae. Non enim praesent elementum facilisis leo vel fringilla est. Leo duis ut diam quam nulla porttitor. Lectus sit amet est placerat in egestas erat. Velit dignissim sodales ut eu. Nisl tincidunt eget nullam non nisi est sit.\n\nPurus semper eget duis at tellus at urna condimentum mattis. Tristique magna sit amet purus. Iaculis eu non diam phasellus vestibulum lorem sed risus. Sed nisi lacus sed viverra tellus in hac. Vel orci porta non pulvinar neque laoreet. Diam vulputate ut pharetra sit amet aliquam id diam. Metus vulputate eu scelerisque felis. Sit amet est placerat in egestas erat imperdiet sed euismod. Vel facilisis volutpat est velit. Quam pellentesque nec nam aliquam.\n\nMaecenas volutpat blandit aliquam etiam erat velit scelerisque in dictum. Diam quam nulla porttitor massa id neque aliquam. Risus nec feugiat in fermentum posuere urna. Sed pulvinar proin gravida hendrerit lectus a. Pellentesque diam volutpat commodo sed egestas egestas fringilla. Pharetra magna ac placerat vestibulum lectus mauris ultrices eros in. Pulvinar pellentesque habitant morbi tristique senectus et netus et. Ut sem nulla pharetra diam. Turpis cursus in hac habitasse. Quis eleifend quam adipiscing vitae proin. Sit amet porttitor eget dolor. In tellus integer feugiat scelerisque varius morbi enim nunc. Consequat semper viverra nam libero justo laoreet sit amet cursus. Proin sed libero enim sed faucibus turpis in eu. Ultrices gravida dictum fusce ut placerat orci nulla pellentesque. Lectus sit amet est placerat in egestas erat imperdiet.</p>","summary":"Lorem ipsum dolor sit amet, consectetur adipiscing elit, sed do eiusmod tempor incididunt ut labore et dolore magna aliqua. Ante in nibh mauris cursus. Quis eleifend quam adipiscing vitae.","blog_image":[{"uid":"blteeb8aad49484e7db","created_at":"2020-05-07T07:52:16.434Z","updated_at":"2020-05-07T07:52:16.434Z","created_by":"bltf01cfddcefa2394d","updated_by":"bltf01cfddcefa2394d","content_type":"image/jpeg","file_size":"40900","tags":[],"filename":"hqdefault.jpg","url":"https://images.contentstack.io/v3/assets/blt9a66fc0dee28e4d0/blteeb8aad49484e7db/5eb3be308682422a765fc1f5/hqdefault.jpg","ACL":[],"is_dir":false,"parent_uid":null,"_version":1,"title":"hqdefault.jpg"}],"readmore":{"title":"First Blog Post","href":"/firstblogpost"},"about_authors":[{"authors":{"author_image":{"uid":"blt1b87cd7ac1570b48","created_at":"2020-04-29T15:52:25.182Z","updated_at":"2020-04-29T15:52:25.182Z","created_by":"bltf01cfddcefa2394d","updated_by":"bltf01cfddcefa2394d","content_type":"image/png","file_size":"4688","tags":[],"filename":"avatar3.png","url":"https://images.contentstack.io/v3/assets/blt9a66fc0dee28e4d0/blt1b87cd7ac1570b48/5ea9a2b94461f75d77a48006/avatar3.png","ACL":[],"is_dir":false,"_version":1,"title":"avatar3.png"},"author_s_details":"Lorem ipsum dolor sit amet, consectetur adipiscing elit, sed do eiusmod tempor incididunt ut labore et dolore magna aliqua. Ante in nibh mauris cursus. Quis eleifend quam adipiscing vitae.","support_your_blogger":[{"support":{"links_to_social":"<p><a href=\"#\" class=\"author-social-support\"><em class=\"fa fa-dribbble\"></em></a> </p>\n<p>    <a href=\"#\" class=\"author-social-support\"><em class=\"fa fa-twitter\"></em></a>  </p>\n<p>    <a href=\"#\" class=\"author-social-support\"><em class=\"fa fa-linkedin\"></em></a>  </p>\n<p>    <a href=\"#\" class=\"author-social-support\"><em class=\"fa fa-facebook\"></em></a></p>"}}]}}]}},{"blogs":{"title":"Second Blog Post","brief_description":"<p>\nLorem ipsum dolor sit amet, consectetur adipiscing elit, sed do eiusmod tempor incididunt ut labore et dolore magna aliqua. Ante in nibh mauris cursus. Quis eleifend quam adipiscing vitae. Quam pellentesque nec nam aliquam sem et. Porttitor massa id neque aliquam vestibulum morbi. Sed risus pretium quam vulputate dignissim suspendisse in. In mollis nunc sed id. Ac turpis egestas integer eget aliquet nibh praesent tristique magna. Tincidunt id aliquet risus feugiat in ante metus dictum. Sapien faucibus et molestie ac feugiat sed lectus vestibulum mattis. Dapibus ultrices in iaculis nunc sed augue lacus viverra vitae. Non enim praesent elementum facilisis leo vel fringilla est. Leo duis ut diam quam nulla porttitor. Lectus sit amet est placerat in egestas erat. Velit dignissim sodales ut eu. Nisl tincidunt eget nullam non nisi est sit.\n\nPurus semper eget duis at tellus at urna condimentum mattis. Tristique magna sit amet purus. Iaculis eu non diam phasellus vestibulum lorem sed risus. Sed nisi lacus sed viverra tellus in hac. Vel orci porta non pulvinar neque laoreet. Diam vulputate ut pharetra sit amet aliquam id diam. Metus vulputate eu scelerisque felis. Sit amet est placerat in egestas erat imperdiet sed euismod. Vel facilisis volutpat est velit. Quam pellentesque nec nam aliquam.\n\nMaecenas volutpat blandit aliquam etiam erat velit scelerisque in dictum. Diam quam nulla porttitor massa id neque aliquam. Risus nec feugiat in fermentum posuere urna. Sed pulvinar proin gravida hendrerit lectus a. Pellentesque diam volutpat commodo sed egestas egestas fringilla. Pharetra magna ac placerat vestibulum lectus mauris ultrices eros in. Pulvinar pellentesque habitant morbi tristique senectus et netus et. Ut sem nulla pharetra diam. Turpis cursus in hac habitasse. Quis eleifend quam adipiscing vitae proin. Sit amet porttitor eget dolor. In tellus integer feugiat scelerisque varius morbi enim nunc. Consequat semper viverra nam libero justo laoreet sit amet cursus. Proin sed libero enim sed faucibus turpis in eu. Ultrices gravida dictum fusce ut placerat orci nulla pellentesque. Lectus sit amet est placerat in egestas erat imperdiet.</p>","summary":"Lorem ipsum dolor sit amet, consectetur adipiscing elit, sed do eiusmod tempor incididunt ut labore et dolore magna aliqua. Ante in nibh mauris cursus. Quis eleifend quam adipiscing vitae.","blog_image":[{"uid":"blt59e9aacee2ecb7f7","created_at":"2020-04-29T15:07:33.098Z","updated_at":"2020-04-29T15:07:33.098Z","created_by":"blt74bacb5e9aaa8d3e","updated_by":"blt74bacb5e9aaa8d3e","content_type":"image/jpeg","file_size":"27241","tags":[],"filename":"service.jpg","url":"https://images.contentstack.io/v3/assets/blt9a66fc0dee28e4d0/blt59e9aacee2ecb7f7/5ea9983555fb0954c5dd769f/service.jpg","ACL":[],"is_dir":false,"_version":1,"title":"service.jpg"}],"readmore":{"title":"Second Blog Post","href":"/secondblogpost"},"about_authors":[{"authors":{"author_image":{"uid":"blt15780bd934ba9b90","created_at":"2020-04-29T15:23:14.366Z","updated_at":"2020-04-29T15:23:14.366Z","created_by":"blt74bacb5e9aaa8d3e","updated_by":"blt74bacb5e9aaa8d3e","content_type":"image/jpeg","file_size":"16343","tags":[],"filename":"avatar5.jpg","url":"https://images.contentstack.io/v3/assets/blt9a66fc0dee28e4d0/blt15780bd934ba9b90/5ea99be2c3defd14462ca1a5/avatar5.jpg","ACL":[],"is_dir":false,"_version":1,"title":"avatar5.jpg"},"author_s_details":"Lorem ipsum dolor sit amet, consectetur adipiscing elit, sed do eiusmod tempor incididunt ut labore et dolore magna aliqua. Ante in nibh mauris cursus. Quis eleifend quam adipiscing vitae.","support_your_blogger":[{"support":{"links_to_social":"<p><a href=\"#\" class=\"author-social-support\"><em class=\"fa fa-dribbble\"></em></a> </p>\n<p>    <a href=\"#\" class=\"author-social-support\"><em class=\"fa fa-twitter\"></em></a>  </p>\n<p>    <a href=\"#\" class=\"author-social-support\"><em class=\"fa fa-linkedin\"></em></a>  </p>\n<p>    <a href=\"#\" class=\"author-social-support\"><em class=\"fa fa-facebook\"></em></a></p>"}}]}}]}},{"blogs":{"title":"Third Blog Post","brief_description":"<p>\nLorem ipsum dolor sit amet, consectetur adipiscing elit, sed do eiusmod tempor incididunt ut labore et dolore magna aliqua. Ante in nibh mauris cursus. Quis eleifend quam adipiscing vitae. Quam pellentesque nec nam aliquam sem et. Porttitor massa id neque aliquam vestibulum morbi. Sed risus pretium quam vulputate dignissim suspendisse in. In mollis nunc sed id. Ac turpis egestas integer eget aliquet nibh praesent tristique magna. Tincidunt id aliquet risus feugiat in ante metus dictum. Sapien faucibus et molestie ac feugiat sed lectus vestibulum mattis. Dapibus ultrices in iaculis nunc sed augue lacus viverra vitae. Non enim praesent elementum facilisis leo vel fringilla est. Leo duis ut diam quam nulla porttitor. Lectus sit amet est placerat in egestas erat. Velit dignissim sodales ut eu. Nisl tincidunt eget nullam non nisi est sit.\n\nPurus semper eget duis at tellus at urna condimentum mattis. Tristique magna sit amet purus. Iaculis eu non diam phasellus vestibulum lorem sed risus. Sed nisi lacus sed viverra tellus in hac. Vel orci porta non pulvinar neque laoreet. Diam vulputate ut pharetra sit amet aliquam id diam. Metus vulputate eu scelerisque felis. Sit amet est placerat in egestas erat imperdiet sed euismod. Vel facilisis volutpat est velit. Quam pellentesque nec nam aliquam.\n\nMaecenas volutpat blandit aliquam etiam erat velit scelerisque in dictum. Diam quam nulla porttitor massa id neque aliquam. Risus nec feugiat in fermentum posuere urna. Sed pulvinar proin gravida hendrerit lectus a. Pellentesque diam volutpat commodo sed egestas egestas fringilla. Pharetra magna ac placerat vestibulum lectus mauris ultrices eros in. Pulvinar pellentesque habitant morbi tristique senectus et netus et. Ut sem nulla pharetra diam. Turpis cursus in hac habitasse. Quis eleifend quam adipiscing vitae proin. Sit amet porttitor eget dolor. In tellus integer feugiat scelerisque varius morbi enim nunc. Consequat semper viverra nam libero justo laoreet sit amet cursus. Proin sed libero enim sed faucibus turpis in eu. Ultrices gravida dictum fusce ut placerat orci nulla pellentesque. Lectus sit amet est placerat in egestas erat imperdiet.</p>","summary":"Lorem ipsum dolor sit amet, consectetur adipiscing elit, sed do eiusmod tempor incididunt ut labore et dolore magna aliqua. Ante in nibh mauris cursus.","blog_image":[{"uid":"blt612668383de27528","created_at":"2020-04-29T14:01:27.982Z","updated_at":"2020-04-29T14:01:27.982Z","created_by":"blt74bacb5e9aaa8d3e","updated_by":"blt74bacb5e9aaa8d3e","content_type":"image/jpeg","file_size":"27856","tags":[],"filename":"work3.jpg","url":"https://images.contentstack.io/v3/assets/blt9a66fc0dee28e4d0/blt612668383de27528/5ea988b7d4f648329c69c202/work3.jpg","ACL":[],"is_dir":false,"_version":1,"title":"work3.jpg"}],"readmore":{"title":"Third Blog Post","href":"/thirdblogpost"},"about_authors":[{"authors":{"author_image":{"uid":"blt3e9b6bfe996f86f5","created_at":"2020-04-29T14:07:02.384Z","updated_at":"2020-04-29T14:07:02.384Z","created_by":"blt74bacb5e9aaa8d3e","updated_by":"blt74bacb5e9aaa8d3e","content_type":"image/jpeg","file_size":"53774","tags":[],"filename":"avatar1.jpg","url":"https://images.contentstack.io/v3/assets/blt9a66fc0dee28e4d0/blt3e9b6bfe996f86f5/5ea98a0682e2b0776bbbc146/avatar1.jpg","ACL":[],"is_dir":false,"_version":1,"title":"avatar1.jpg"},"author_s_details":"<p>Lorem ipsum dolor sit amet, consectetur adipiscing elit, sed do eiusmod tempor incididunt ut labore et dolore magna aliqua. Ante in nibh mauris cursus. Quis eleifend quam adipiscing vitae.</p>","support_your_blogger":[{"support":{"links_to_social":"<p><a href=\"#\" class=\"author-social-support\"><em class=\"fa fa-dribbble\"></em></a> </p>\n<p>    <a href=\"#\" class=\"author-social-support\"><em class=\"fa fa-twitter\"></em></a>  </p>\n<p>    <a href=\"#\" class=\"author-social-support\"><em class=\"fa fa-linkedin\"></em></a>  </p>\n<p>    <a href=\"#\" class=\"author-social-support\"><em class=\"fa fa-facebook\"></em></a></p>"}}]}}]}},{"blogs":{"title":"Fourth Blog Post","brief_description":"<p>\nLorem ipsum dolor sit amet, consectetur adipiscing elit, sed do eiusmod tempor incididunt ut labore et dolore magna aliqua. Ante in nibh mauris cursus. Quis eleifend quam adipiscing vitae. Quam pellentesque nec nam aliquam sem et. Porttitor massa id neque aliquam vestibulum morbi. Sed risus pretium quam vulputate dignissim suspendisse in. In mollis nunc sed id. Ac turpis egestas integer eget aliquet nibh praesent tristique magna. Tincidunt id aliquet risus feugiat in ante metus dictum. Sapien faucibus et molestie ac feugiat sed lectus vestibulum mattis. Dapibus ultrices in iaculis nunc sed augue lacus viverra vitae. Non enim praesent elementum facilisis leo vel fringilla est. Leo duis ut diam quam nulla porttitor. Lectus sit amet est placerat in egestas erat. Velit dignissim sodales ut eu. Nisl tincidunt eget nullam non nisi est sit.\n\nPurus semper eget duis at tellus at urna condimentum mattis. Tristique magna sit amet purus. Iaculis eu non diam phasellus vestibulum lorem sed risus. Sed nisi lacus sed viverra tellus in hac. Vel orci porta non pulvinar neque laoreet. Diam vulputate ut pharetra sit amet aliquam id diam. Metus vulputate eu scelerisque felis. Sit amet est placerat in egestas erat imperdiet sed euismod. Vel facilisis volutpat est velit. Quam pellentesque nec nam aliquam.\n\nMaecenas volutpat blandit aliquam etiam erat velit scelerisque in dictum. Diam quam nulla porttitor massa id neque aliquam. Risus nec feugiat in fermentum posuere urna. Sed pulvinar proin gravida hendrerit lectus a. Pellentesque diam volutpat commodo sed egestas egestas fringilla. Pharetra magna ac placerat vestibulum lectus mauris ultrices eros in. Pulvinar pellentesque habitant morbi tristique senectus et netus et. Ut sem nulla pharetra diam. Turpis cursus in hac habitasse. Quis eleifend quam adipiscing vitae proin. Sit amet porttitor eget dolor. In tellus integer feugiat scelerisque varius morbi enim nunc. Consequat semper viverra nam libero justo laoreet sit amet cursus. Proin sed libero enim sed faucibus turpis in eu. Ultrices gravida dictum fusce ut placerat orci nulla pellentesque. Lectus sit amet est placerat in egestas erat imperdiet.</p>","summary":"Lorem ipsum dolor sit amet, consectetur adipiscing elit, sed do eiusmod tempor incididunt ut labore et dolore magna aliqua. Ante in nibh mauris cursus.","blog_image":[{"uid":"blt661b8dcd01beea52","created_at":"2020-05-07T07:52:17.555Z","updated_at":"2020-05-07T07:52:17.555Z","created_by":"bltf01cfddcefa2394d","updated_by":"bltf01cfddcefa2394d","content_type":"image/jpeg","file_size":"131434","tags":[],"filename":"abc.jpg","url":"https://images.contentstack.io/v3/assets/blt9a66fc0dee28e4d0/blt661b8dcd01beea52/5eb3be31c83f71298799ecbb/abc.jpg","ACL":[],"is_dir":false,"parent_uid":null,"_version":1,"title":"abc.jpg"}],"readmore":{"title":"Fourth Blog Post","href":"/fourthblogpost"},"about_authors":[{"authors":{"author_image":{"uid":"blt68ebeccb21cc3423","created_at":"2020-04-29T12:52:21.628Z","updated_at":"2020-04-29T12:52:21.628Z","created_by":"blt74bacb5e9aaa8d3e","updated_by":"blt74bacb5e9aaa8d3e","content_type":"image/png","file_size":"20735","tags":[],"filename":"avatar4.jpg","url":"https://images.contentstack.io/v3/assets/blt9a66fc0dee28e4d0/blt68ebeccb21cc3423/5ea97885605a4021f5d19911/avatar4.jpg","ACL":[],"is_dir":false,"_version":1,"title":"avatar4.jpg"},"author_s_details":"Lorem ipsum dolor sit amet, consectetur adipiscing elit, sed do eiusmod tempor incididunt ut labore et dolore magna aliqua. Ante in nibh mauris cursus. Quis eleifend quam adipiscing vitae.","support_your_blogger":[{"support":{"links_to_social":"<p><a href=\"#\" class=\"author-social-support\"><em class=\"fa fa-dribbble\"></em></a> </p>\n<p>    <a href=\"#\" class=\"author-social-support\"><em class=\"fa fa-twitter\"></em></a>  </p>\n<p>    <a href=\"#\" class=\"author-social-support\"><em class=\"fa fa-linkedin\"></em></a>  </p>\n<p>    <a href=\"#\" class=\"author-social-support\"><em class=\"fa fa-facebook\"></em></a></p>"}}]}}]}},{"blogs":{"title":"Fifth Blog Post","brief_description":"<p>\nLorem ipsum dolor sit amet, consectetur adipiscing elit, sed do eiusmod tempor incididunt ut labore et dolore magna aliqua. Ante in nibh mauris cursus. Quis eleifend quam adipiscing vitae. Quam pellentesque nec nam aliquam sem et. Porttitor massa id neque aliquam vestibulum morbi. Sed risus pretium quam vulputate dignissim suspendisse in. In mollis nunc sed id. Ac turpis egestas integer eget aliquet nibh praesent tristique magna. Tincidunt id aliquet risus feugiat in ante metus dictum. Sapien faucibus et molestie ac feugiat sed lectus vestibulum mattis. Dapibus ultrices in iaculis nunc sed augue lacus viverra vitae. Non enim praesent elementum facilisis leo vel fringilla est. Leo duis ut diam quam nulla porttitor. Lectus sit amet est placerat in egestas erat. Velit dignissim sodales ut eu. Nisl tincidunt eget nullam non nisi est sit.\n\nPurus semper eget duis at tellus at urna condimentum mattis. Tristique magna sit amet purus. Iaculis eu non diam phasellus vestibulum lorem sed risus. Sed nisi lacus sed viverra tellus in hac. Vel orci porta non pulvinar neque laoreet. Diam vulputate ut pharetra sit amet aliquam id diam. Metus vulputate eu scelerisque felis. Sit amet est placerat in egestas erat imperdiet sed euismod. Vel facilisis volutpat est velit. Quam pellentesque nec nam aliquam.\n\nMaecenas volutpat blandit aliquam etiam erat velit scelerisque in dictum. Diam quam nulla porttitor massa id neque aliquam. Risus nec feugiat in fermentum posuere urna. Sed pulvinar proin gravida hendrerit lectus a. Pellentesque diam volutpat commodo sed egestas egestas fringilla. Pharetra magna ac placerat vestibulum lectus mauris ultrices eros in. Pulvinar pellentesque habitant morbi tristique senectus et netus et. Ut sem nulla pharetra diam. Turpis cursus in hac habitasse. Quis eleifend quam adipiscing vitae proin. Sit amet porttitor eget dolor. In tellus integer feugiat scelerisque varius morbi enim nunc. Consequat semper viverra nam libero justo laoreet sit amet cursus. Proin sed libero enim sed faucibus turpis in eu. Ultrices gravida dictum fusce ut placerat orci nulla pellentesque. Lectus sit amet est placerat in egestas erat imperdiet.</p>","summary":"Lorem ipsum dolor sit amet, consectetur adipiscing elit, sed do eiusmod tempor incididunt ut labore et dolore magna aliqua. Ante in nibh mauris cursus.","blog_image":[{"uid":"blt1ad5be6734e7234f","created_at":"2020-05-07T07:52:17.005Z","updated_at":"2020-05-07T07:52:17.005Z","created_by":"bltf01cfddcefa2394d","updated_by":"bltf01cfddcefa2394d","content_type":"image/jpeg","file_size":"22564","tags":[],"filename":"services.jpg","url":"https://images.contentstack.io/v3/assets/blt9a66fc0dee28e4d0/blt1ad5be6734e7234f/5eb3be319df5cf3704700285/services.jpg","ACL":[],"is_dir":false,"parent_uid":null,"_version":1,"title":"services.jpg"}],"readmore":{"title":"Fifth Blog Post","href":"/fifthblogpost"},"about_authors":[{"authors":{"author_image":{"uid":"blt489c515a468e0b6f","created_at":"2020-04-29T13:24:21.580Z","updated_at":"2020-04-29T13:24:21.580Z","created_by":"blt74bacb5e9aaa8d3e","updated_by":"blt74bacb5e9aaa8d3e","content_type":"image/jpeg","file_size":"18910","tags":[],"filename":"avatar6.jpg","url":"https://images.contentstack.io/v3/assets/blt9a66fc0dee28e4d0/blt489c515a468e0b6f/5ea980058fa40474cd996b9e/avatar6.jpg","ACL":[],"is_dir":false,"_version":1,"title":"avatar6.jpg"},"author_s_details":"Lorem ipsum dolor sit amet, consectetur adipiscing elit, sed do eiusmod tempor incididunt ut labore et dolore magna aliqua. Ante in nibh mauris cursus. Quis eleifend quam adipiscing vitae.","support_your_blogger":[{"support":{"links_to_social":"<p><a href=\"#\" class=\"author-social-support\"><em class=\"fa fa-dribbble\"></em></a> </p>\n<p>    <a href=\"#\" class=\"author-social-support\"><em class=\"fa fa-twitter\"></em></a>  </p>\n<p>    <a href=\"#\" class=\"author-social-support\"><em class=\"fa fa-linkedin\"></em></a>  </p>\n<p>    <a href=\"#\" class=\"author-social-support\"><em class=\"fa fa-facebook\"></em></a></p>"}}]}}]}},{"blogs":{"title":"Sixth Blog Post","brief_description":"<p>\nLorem ipsum dolor sit amet, consectetur adipiscing elit, sed do eiusmod tempor incididunt ut labore et dolore magna aliqua. Ante in nibh mauris cursus. Quis eleifend quam adipiscing vitae. Quam pellentesque nec nam aliquam sem et. Porttitor massa id neque aliquam vestibulum morbi. Sed risus pretium quam vulputate dignissim suspendisse in. In mollis nunc sed id. Ac turpis egestas integer eget aliquet nibh praesent tristique magna. Tincidunt id aliquet risus feugiat in ante metus dictum. Sapien faucibus et molestie ac feugiat sed lectus vestibulum mattis. Dapibus ultrices in iaculis nunc sed augue lacus viverra vitae. Non enim praesent elementum facilisis leo vel fringilla est. Leo duis ut diam quam nulla porttitor. Lectus sit amet est placerat in egestas erat. Velit dignissim sodales ut eu. Nisl tincidunt eget nullam non nisi est sit.\n\nPurus semper eget duis at tellus at urna condimentum mattis. Tristique magna sit amet purus. Iaculis eu non diam phasellus vestibulum lorem sed risus. Sed nisi lacus sed viverra tellus in hac. Vel orci porta non pulvinar neque laoreet. Diam vulputate ut pharetra sit amet aliquam id diam. Metus vulputate eu scelerisque felis. Sit amet est placerat in egestas erat imperdiet sed euismod. Vel facilisis volutpat est velit. Quam pellentesque nec nam aliquam.\n\nMaecenas volutpat blandit aliquam etiam erat velit scelerisque in dictum. Diam quam nulla porttitor massa id neque aliquam. Risus nec feugiat in fermentum posuere urna. Sed pulvinar proin gravida hendrerit lectus a. Pellentesque diam volutpat commodo sed egestas egestas fringilla. Pharetra magna ac placerat vestibulum lectus mauris ultrices eros in. Pulvinar pellentesque habitant morbi tristique senectus et netus et. Ut sem nulla pharetra diam. Turpis cursus in hac habitasse. Quis eleifend quam adipiscing vitae proin. Sit amet porttitor eget dolor. In tellus integer feugiat scelerisque varius morbi enim nunc. Consequat semper viverra nam libero justo laoreet sit amet cursus. Proin sed libero enim sed faucibus turpis in eu. Ultrices gravida dictum fusce ut placerat orci nulla pellentesque. Lectus sit amet est placerat in egestas erat imperdiet.</p>","summary":"Lorem ipsum dolor sit amet, consectetur adipiscing elit, sed do eiusmod tempor incididunt ut labore et dolore magna aliqua. Ante in nibh mauris cursus.","blog_image":[{"uid":"blt3d917d202667c1d8","created_at":"2020-04-13T09:24:38.794Z","updated_at":"2020-04-13T09:24:38.794Z","created_by":"bltf01cfddcefa2394d","updated_by":"bltf01cfddcefa2394d","content_type":"image/png","file_size":"71237","tags":[],"filename":"background.png","url":"https://images.contentstack.io/v3/assets/blt9a66fc0dee28e4d0/blt3d917d202667c1d8/5e942fd66d0d9c325b20fa4e/background.png","ACL":[],"is_dir":false,"_version":1,"title":"background.png"}],"readmore":{"title":"Sixth Blog Post","href":"/sixthblogpost"},"about_authors":[{"authors":{"author_image":{"uid":"blt67467f2728c9a110","created_at":"2020-04-14T07:58:04.305Z","updated_at":"2020-04-14T07:58:04.305Z","created_by":"bltf01cfddcefa2394d","updated_by":"bltf01cfddcefa2394d","content_type":"image/jpeg","file_size":"94128","tags":[],"filename":"avatar2.jpg","url":"https://images.contentstack.io/v3/assets/blt9a66fc0dee28e4d0/blt67467f2728c9a110/5e956d0ceef14c5fa2b69014/avatar2.jpg","ACL":[],"is_dir":false,"_version":1,"title":"avatar2.jpg"},"author_s_details":"Lorem ipsum dolor sit amet, consectetur adipiscing elit, sed do eiusmod tempor incididunt ut labore et dolore magna aliqua. Ante in nibh mauris cursus. Quis eleifend quam adipiscing vitae.","support_your_blogger":[{"support":{"links_to_social":"<p><a href=\"#\" class=\"author-social-support\"><em class=\"fa fa-dribbble\"></em></a> </p>\n<p>    <a href=\"#\" class=\"author-social-support\"><em class=\"fa fa-twitter\"></em></a>  </p>\n<p>    <a href=\"#\" class=\"author-social-support\"><em class=\"fa fa-linkedin\"></em></a>  </p>\n<p>    <a href=\"#\" class=\"author-social-support\"><em class=\"fa fa-facebook\"></em></a></p>"}}]}}]}}],"select_blogs":null,"tags":[],"title":"Blogs","updated_at":"2020-05-14T17:12:01.773Z","updated_by":"bltf01cfddcefa2394d","url":"/blogs"}