{"_version":2,"locale":"en-us","uid":"blt6501332a63990a8a","_in_progress":false,"advantages":{"content":"<h2>Some of marketing’s <span class=\"cms\"> advantages</span></h2>\n<p class=\"intro-text\">Tell about the benefits you provide. Tell what makes you different from your competitors and how you can help your customers</p>","advantages":[{"title":"Fully Responsive","description":"<p class=\"text-center\"></p>\n<p>Adaptive and responsive UI which works on any device. Convenient and simple navigation.</p>\n<p></p>"},{"title":"Clean Code","description":"<p><pclass=\"text-center\"></pclass=\"text-center\"></p>\n<p></p>\n<p>High quality and valid code. The theme was developed in compliance with all web standards.</p>\n<p></p>\n<p></p>"},{"title":"UI Design","description":"<p class=\"text-center\"></p>\n<p>All modules were picked up according to available functionality. Everything is well-thought and adopted to the business needs</p>\n<p></p>"},{"title":"For business","description":"<p class=\"text-center\"></p>\n<p>Taking into account our previous experience the theme was elaborated to cover at least 7 business use cases.</p>\n<p></p>"}],"tab_section":[{"title":"All that you need -","description":"<h2> All that you need -<span class=\"cms\">in marketing</span></h2>\n<p><span class=\"subtitle\">Flexy - awesome multifunctional landing page</span></p>\n<p>Lorem ipsum dolor sit amet, conse ctetur adipisicing elit, sed do eiusmod tempor incididunt ut labore et dolore magna aliqua. Ut enim ad minim veniam.</p>\n<p class=\"mbl\">Quis nostrud exercitation ullamco laboris nisi ut aliquip ex ea commodo consequat. Duis aute irure dolor in reprehenderit in voluptate velit esse cillum dolore eu fugiat nulla pariatur.</p>","cta":[{"title":"Get template","link":"#","open_in_new_tab":"false"},{"title":"See more","link":"#","open_in_new_tab":"false"}],"image":{"uid":"bltf0c6662967074e5d","created_at":"2020-05-12T13:50:31.912Z","updated_at":"2020-05-12T13:50:31.912Z","created_by":"bltf01cfddcefa2394d","updated_by":"bltf01cfddcefa2394d","content_type":"image/jpeg","file_size":"23623","tags":[],"filename":"prototype.jpg","url":"https://images.contentstack.io/v3/assets/blt9a66fc0dee28e4d0/bltf0c6662967074e5d/5ebaa9a7b97c864b123fb545/prototype.jpg","ACL":[],"is_dir":false,"_version":1,"title":"prototype.jpg"}},{"title":"All that you need -","description":"<h2> All that you need -<span class=\"cms\">in marketing</span></h2>\n<p><span class=\"subtitle\">Flexy - awesome multifunctional landing page</span></p>\n<p>Lorem ipsum dolor sit amet, conse ctetur adipisicing elit, sed do eiusmod tempor incididunt ut labore et dolore magna aliqua. Ut enim ad minim veniam.</p>\n<p class=\"mbl\">Quis nostrud exercitation ullamco laboris nisi ut aliquip ex ea commodo consequat. Duis aute irure dolor in reprehenderit in voluptate velit esse cillum dolore eu fugiat nulla pariatur.</p>","cta":[{"title":"Get template","link":"#","open_in_new_tab":"false"},{"title":"See more","link":"#","open_in_new_tab":"false"}],"image":{"uid":"bltdf9060b3ed2d6cee","created_at":"2020-05-12T14:02:38.801Z","updated_at":"2020-05-12T14:02:38.801Z","created_by":"bltf01cfddcefa2394d","updated_by":"bltf01cfddcefa2394d","content_type":"image/png","file_size":"139339","tags":[],"filename":"ui-design.png","url":"https://images.contentstack.io/v3/assets/blt9a66fc0dee28e4d0/bltdf9060b3ed2d6cee/5ebaac7e3f242230490620df/ui-design.png","ACL":[],"is_dir":false,"_version":1,"title":"ui-design.png"}},{"title":"All that you need -","description":"<h2> All that you need -<span class=\"cms\">in marketing</span></h2>\n<p><span class=\"subtitle\">Flexy - awesome multifunctional landing page</span></p>\n<p>Lorem ipsum dolor sit amet, conse ctetur adipisicing elit, sed do eiusmod tempor incididunt ut labore et dolore magna aliqua. Ut enim ad minim veniam.</p>\n<p class=\"mbl\">Quis nostrud exercitation ullamco laboris nisi ut aliquip ex ea commodo consequat. Duis aute irure dolor in reprehenderit in voluptate velit esse cillum dolore eu fugiat nulla pariatur.</p>","cta":[{"title":"Get template","link":"#","open_in_new_tab":"false"},{"title":"See more","link":"#","open_in_new_tab":"false"}],"image":{"uid":"bltbb244870d313ab85","created_at":"2020-05-12T14:07:17.633Z","updated_at":"2020-05-12T14:07:17.633Z","created_by":"bltf01cfddcefa2394d","updated_by":"bltf01cfddcefa2394d","content_type":"image/png","file_size":"86082","tags":[],"filename":"final-project.png","url":"https://images.contentstack.io/v3/assets/blt9a66fc0dee28e4d0/bltbb244870d313ab85/5ebaad953f242230490620e3/final-project.png","ACL":[],"is_dir":false,"_version":1,"title":"final-project.png"}}]},"created_at":"2020-05-12T14:24:40.730Z","created_by":"bltf01cfddcefa2394d","seo":{"title":"features","description":"New features of marketing site will be displayed here.","keywords":"features"},"tags":[],"title":"Features","updated_at":"2020-05-12T14:24:56.511Z","updated_by":"bltf01cfddcefa2394d","url":"/features","video_section":{"video":"<figure><iframe width=\"560\" height=\"315\" src=\"https://www.youtube.com/embed/aywP_ozA2NY\" frameborder=\"0\" allowfullscreen=\"\"></iframe></figure>","image":{"uid":"blt898d9f829643be5f","created_at":"2020-05-12T14:13:56.267Z","updated_at":"2020-05-12T14:13:56.267Z","created_by":"bltf01cfddcefa2394d","updated_by":"bltf01cfddcefa2394d","content_type":"image/png","file_size":"562235","tags":[],"filename":"video-bg.png","url":"https://images.contentstack.io/v3/assets/blt9a66fc0dee28e4d0/blt898d9f829643be5f/5ebaaf24e851177fe235c389/video-bg.png","ACL":[],"is_dir":false,"_version":1,"title":"video-bg.png"}}}