{"_version":7,"locale":"en-us","uid":"bltfecbbbf9ca289cd8","_in_progress":false,"copy_rights":"<p>Corporate theme was developed by <a href=\"\\&quot;#\\&quot;\">corporate.com</a></p>","created_at":"2020-05-12T13:00:41.935Z","created_by":"bltf01cfddcefa2394d","footer_section":{"footer_menu":[{"title":"About Marketing","footer_content":"<p>Marketing - awesome multifunctional landing page. Increase your conversion rate. Increase your gain  </p>"},{"title":"Marketing in social","footer_content":"<p><a href=\"#\" class=\"footer-social\"><i class=\"fa fa-facebook-square\">facebook</i></a></p>\n<p href=\"#\" class=\"footer-social\"><a><i class=\"fa fa-twitter-square\">Twitter</i></a></p>"},{"title":"Contact Info","footer_content":"<address>Marketing Plaza <br> \nSan Francisco, CA</address>\n<p><a href=\"tel:+1.000.000.0000\">Phone: +1.000.000.0000</a></p>\n<p><a href=\"mailto:info@marketing.com\">info@marketing.com</a></p>"}]},"tags":[],"title":"Footer","updated_at":"2020-05-13T12:12:59.106Z","updated_by":"bltf01cfddcefa2394d"}