{"_version":4,"locale":"en-us","uid":"blt8130d08e11bd7910","_in_progress":false,"created_at":"2020-05-12T12:57:27.964Z","created_by":"bltf01cfddcefa2394d","cta":[{"title":"Sign Up","link":"#","open_in_new_tab":false},{"title":"Login","link":"#","open_in_new_tab":false}],"logo":{"image":{"uid":"bltbdbb17c1c509ff65","created_at":"2020-05-12T12:50:32.195Z","updated_at":"2020-05-12T12:50:32.195Z","created_by":"bltf01cfddcefa2394d","updated_by":"bltf01cfddcefa2394d","content_type":"image/png","file_size":"2222","tags":[],"filename":"logo.png","url":"https://images.contentstack.io/v3/assets/blt9a66fc0dee28e4d0/bltbdbb17c1c509ff65/5eba9b980538f630430ada1a/logo.png","ACL":[],"is_dir":false,"_version":1,"title":"logo.png"},"color_image":{"uid":"bltd85a02fdc68b84d7","created_at":"2020-05-12T12:55:56.296Z","updated_at":"2020-05-12T12:55:56.296Z","created_by":"bltf01cfddcefa2394d","updated_by":"bltf01cfddcefa2394d","content_type":"image/png","file_size":"1896","tags":[],"filename":"logo-hover.png","url":"https://images.contentstack.io/v3/assets/blt9a66fc0dee28e4d0/bltd85a02fdc68b84d7/5eba9cdcb8c49976b71c05b9/logo-hover.png","ACL":[],"is_dir":false,"_version":1,"title":"logo-hover.png"},"link":{"title":"logo","href":"/"}},"navigation_section":{"navigation_bar":[{"title":"Home","link":"/","sub_navigation":[]},{"title":"Features","link":"/features","sub_navigation":[]},{"title":"About","link":"/about","sub_navigation":[]},{"title":"Product","link":"/product","sub_navigation":[]},{"title":"Blogs","link":"/blogs","sub_navigation":[]}]},"tags":[],"title":"Header","updated_at":"2020-05-13T13:05:44.494Z","updated_by":"bltf01cfddcefa2394d"}