{"_version":2,"locale":"en-us","uid":"blt01757cc39f24764e","_in_progress":false,"created_at":"2020-05-11T14:44:20.510Z","created_by":"bltf01cfddcefa2394d","hero_banner":{"title":"Marketing is :","rolling_text":["multifunctional business theme"],"description":"<p>Promote your business effectively \n<br>\nMarketing - awesome multifunctional landing page. All that you need to promote your business.\n</p>","cta":[{"title":"Buy now","link":"#","open_in_new_tab":false},{"title":"See where to buy","link":"#","open_in_new_tab":false}],"banner_image":{"uid":"bltbd29ebf18bfda3e9","created_at":"2020-05-11T14:42:17.817Z","updated_at":"2020-05-11T14:42:17.817Z","created_by":"bltf01cfddcefa2394d","updated_by":"bltf01cfddcefa2394d","content_type":"image/jpeg","file_size":"288309","tags":[],"filename":"banner-main.jpg","url":"https://images.contentstack.io/v3/assets/blt9a66fc0dee28e4d0/bltbd29ebf18bfda3e9/5eb96449c1dc88298d5d3a4e/banner-main.jpg","ACL":[],"is_dir":false,"_version":1,"title":"banner-main.jpg"}},"seo":{"title":"home","description":"Marketing website home page","keywords":"home","no_follow":true,"no_index":true},"tags":[],"title":"Home","updated_at":"2020-05-11T14:45:10.715Z","updated_by":"bltf01cfddcefa2394d","url":"/"}